Ticker,Company,Market Cap,Stock Price,Industry
BHP.AX,BHP Group Limited,307178425380,60.46,Other Industrial Metals & Mining
CBA.AX,Commonwealth Bank of Australia,266536145422,159.39999,Banks - Diversified
WBC.AX,Westpac Banking Corporation,122390279316,35.84,Banks - Diversified
NAB.AX,National Australia Bank Limited,111799954200,36.52,Banks - Diversified
ANZ.AX,ANZ Group Holdings Limited,106018373624,35.21,Banks - Diversified
MQG.AX,Macquarie Group Limited,88990638054,242.96001,Capital Markets
WES.AX,Wesfarmers Limited,81365517600,71.67,Home Improvement Retail
FMG.AX,Fortescue Ltd,69574914775,22.6,Other Industrial Metals & Mining
GMG.AX,Goodman Group,64165510200,31.38,REIT - Diversified
TLS.AX,Telstra Group Limited,60199603951,5.38,Telecom Services
WDS.AX,Woodside Energy Group Ltd,59244267188,31.25,Oil & Gas Exploration & Production
XYZ.AX,"Block, Inc.",58476531875,98.25,Software - Infrastructure
CSL.AX,CSL Limited,46914219520,97.96,Biotechnology
TCL.AX,Transurban Group,45554628000,14.6,Infrastructure Operations
RMD.AX,ResMed Inc.,41094473587,28.33,Medical Instruments & Supplies
WOW.AX,Woolworths Group Limited,40285070000,32.98,Grocery Stores
QBE.AX,QBE Insurance Group Limited,34422323743,23.04,Insurance - Property & Casualty
SIG.AX,Sigma Healthcare Limited,33014990111,2.86,Medical Distribution
ALL.AX,Aristocrat Leisure Limited,31076025402,51.53,Gambling
BXB.AX,Brambles Limited,29774293488,22.1,Specialty Business Services
NST.AX,Northern Star Resources Limited,29311051065,20.5,Gold
COL.AX,Coles Group Limited,27950743400,20.81,Grocery Stores
EVN.AX,Evolution Mining Limited,25388625000,12.5,Gold
STO.AX,Santos Limited,25533309389,7.88,Oil & Gas Exploration & Production
REA.AX,REA Group Limited,21327742618,162.01,Internet Content & Information
NWSLV.AX,News Corporation,19951411183,36.5,Entertainment
ORG.AX,Origin Energy Limited,19778987572,11.49,Utilities - Diversified
PLS.AX,PLS Group Limited,19358207145,6.01,Other Industrial Metals & Mining
SCG.AX,Scentre Group,19166915646,3.67,REIT - Retail
S32.AX,South32 Limited,18866393086,4.21,Other Industrial Metals & Mining
IAG.AX,Insurance Australia Group Limited,18825050440,8.01,Insurance - Property & Casualty
SUN.AX,Suncorp Group Limited,18941102537,17.49,Insurance - Property & Casualty
LYC.AX,Lynas Rare Earths Limited,18066728850,17.95,Other Industrial Metals & Mining
CPU.AX,Computershare Limited,17970486265,31.07,Capital Markets
SGH.AX,SGH Limited,16267717614,39.97,Conglomerates
SOL.AX,WHSP Holdings Limited,13911721856,42.61,Capital Markets
FPH.AX,Fisher & Paykel Healthcare Corporation Limited,15850930110,26.99,Medical Instruments & Supplies
JHX.AX,James Hardie Industries plc,15629803777,26.94,Building Materials
APA.AX,APA Group,13978800000,10.56,Utilities - Regulated Gas
XRO.AX,Xero Limited,13589152560,79.67,Software - Application
BSL.AX,BlueScope Steel Limited,13203653770,30.14,Steel
MPL.AX,Medibank Private Limited,12833655098,4.66,Insurance - Specialty
PME.AX,Pro Medicus Limited,12756827182,122.11,Health Information Services
MIN.AX,Mineral Resources Limited,12725950400,64.77,Other Industrial Metals & Mining
WTC.AX,WiseTech Global Limited,12775503204,38.01,Software - Application
MEZ.AX,Meridian Energy Limited,12745275213,4.83,Utilities - Renewable
QAN.AX,Qantas Airways Limited,12922721843,8.54,Airlines
TLC.AX,The Lottery Corporation Limited,11930136328,5.36,Gambling
VCX.AX,Vicinity Centres,11647244030,2.51,REIT - Retail
AIA.AX,Auckland International Airport Limited,11628589056,6.86,Airports & Air Services
ASX.AX,ASX Limited,11462752868,58.72,Financial Data & Stock Exchanges
ALQ.AX,ALS Limited,11267444677,22.2,Consulting Services
ORI.AX,Orica Limited,10675819584,23.04,Specialty Chemicals
DPM.AX,DPM Metals Inc.,10272401360,46.28,Gold
GGP.AX,Greatland Resources Limited,9494710786,14.11,Gold
CAR.AX,CAR Group Limited,9891999273,26.11,Internet Content & Information
SGP.AX,Stockland,9630811507,3.97,REIT - Diversified
NXT.AX,NEXTDC Limited,10745112528,14.87,Information Technology Services
CHC.AX,Charter Hall Group,9322770870,19.71,REIT - Diversified
TNE.AX,Technology One Limited,9284171823,28.36,Software - Application
SHL.AX,Sonic Healthcare Limited,9257076860,18.73,Diagnostics & Research
GPT.AX,The GPT Group,9098992793,4.75,REIT - Diversified
LNW.AX,"Light & Wonder, Inc.",8967440754,114,Gambling
SFR.AX,Sandfire Resources Limited,8839382430,18.93,Copper
QUB.AX,Qube Holdings Limited,8887468300,5.02,Integrated Freight & Logistics
YAL.AX,Yancoal Australia Ltd,8860148622,6.71,Thermal Coal
RHC.AX,Ramsay Health Care Limited,8636170800,37.56,Medical Care Facilities
CEN.AX,Contact Energy Limited,8174165962,8.22,Utilities - Renewable
ALD.AX,Ampol Limited,8352488570,35.05,Oil & Gas Refining & Marketing
REH.AX,Reece Limited,8186873948,13.31,Industrial Distribution
MCY.AX,Mercury NZ Limited,8206705609,5.79,Utilities - Renewable
AFI.AX,Australian Foundation Investment Company Limited,8172964388,6.57,Asset Management
TPG.AX,TPG Telecom Limited,8185832598,4.17,Telecom Services
LTR.AX,Liontown Limited,7470908500,2.35,Other Industrial Metals & Mining
JBH.AX,JB Hi-Fi Limited,7798792865,71.33,Specialty Retail
PRU.AX,Perseus Mining Limited,7445465120,5.53,Gold
CDA.AX,Codan Limited,7329562500,40.3,Scientific & Technical Instruments
GMD.AX,Genesis Minerals Limited,7208090898,6.31,Gold
AZJ.AX,Aurizon Holdings Limited,7103568200,4.22,Railroads
ALX.AX,Atlas Arteria Limited,6964940851,4.8,Infrastructure Operations
MGR.AX,Mirvac Group,6806608874,1.725,REIT - Diversified
APE.AX,Eagers Automotive Limited,6723094888,23.81,Auto & Truck Dealerships
ARG.AX,Argo Investments Limited,6654877710,8.77,Asset Management
ATM.AX,PT Antam (Persero) Tbk,6697149276,0.98,Gold
RMS.AX,Ramelius Resources Limited,6361708987,3.35,Gold
HUB.AX,HUB24 Limited,6584194935,80.54,Capital Markets
WHC.AX,Whitehaven Coal Limited,6573078263,7.97,Thermal Coal
DNL.AX,Dyno Nobel Limited,6478164000,3.69,Specialty Chemicals
IGO.AX,IGO Limited,6444349089,8.51,Other Industrial Metals & Mining
DXS.AX,DEXUS,6446265894,6.01,REIT - Office
CGF.AX,Challenger Limited,6343968514,9.2,Insurance - Life
COH.AX,Cochlear Limited,6299877675,96.33,Medical Devices
CMM.AX,Capricorn Metals Ltd,6193779585,13.56,Gold
WOR.AX,Worley Limited,6329039425,12.5,Oil & Gas Equipment & Services
AGL.AX,AGL Energy Limited,6115272348,9.09,Utilities - Independent Power Producers
BEN.AX,Bendigo and Adelaide Bank Limited,5864215302,10.4,Banks - Regional
EDV.AX,Endeavour Group Limited,5566565676,3.1,Beverages - Wineries & Distilleries
HVN.AX,Harvey Norman Holdings Limited,5482429278,4.4,Specialty Retail
NWL.AX,Netwealth Group Limited,5494432180,22.39,Software - Application
RRL.AX,Regis Resources Limited,5035725800,6.65,Gold
DOW.AX,Downer EDI Limited,5107820293,7.72,Engineering & Construction
CWY.AX,Cleanaway Waste Management Limited,5042721971,2.25,Waste Management
TLX.AX,Telix Pharmaceuticals Limited,4986798161,14.72,Biotechnology
WGX.AX,Westgold Resources Limited,4998158974,5.29,Gold
VNT.AX,Ventia Services Group Limited,4951622454,6.03,Infrastructure Operations
VAU.AX,Vault Minerals Limited,4800385753,4.64,Gold
PDN.AX,Paladin Energy Ltd,3894148846,10.65,Uranium
SEK.AX,SEEK Limited,4772461738,13.36,Internet Content & Information
NIC.AX,Nickel Industries Limited,4515613310,1.04,Other Industrial Metals & Mining
PDI.AX,Predictive Discovery Limited,2457534070,0.93,Gold
SDF.AX,Steadfast Group Limited,4459086428,4.01,Insurance Brokers
A2M.AX,The a2 Milk Company Limited,4446862569,6.13,Packaged Foods
NHC.AX,New Hope Corporation Limited,4412932790,5.23,Thermal Coal
SGM.AX,Sims Limited,4343877638,22.48,Steel
BRG.AX,Breville Group Limited,4237976295,29.26,"Furnishings, Fixtures & Appliances"
BOQ.AX,Bank of Queensland Limited,4082999859,6.21,Banks - Regional
EMR.AX,Emerald Resources NL,3977870581,6.02,Gold
AMP.AX,AMP Limited,3962172848,1.565,Financial Conglomerates
WAF.AX,West African Resources Limited,3737643524,3.27,Gold
VEA.AX,Viva Energy Group Limited,3738308363,2.28,Oil & Gas Refining & Marketing
PNI.AX,Pinnacle Investment Management Group Limited,3655962040,15.56,Asset Management
ANN.AX,Ansell Limited,3649661727,25.75,Medical Instruments & Supplies
NWH.AX,NRW Holdings Limited,3501138144,7.62,Conglomerates
TWE.AX,Treasury Wine Estates Limited,3431608355,4.25,Beverages - Wineries & Distilleries
ILU.AX,Iluka Resources Limited,3405887690,7.9,Other Industrial Metals & Mining
TUA.AX,Tuas Limited,2848361108,6.1,Telecom Services
MTS.AX,Metcash Limited,3244192163,2.95,Food Distribution
NHF.AX,nib holdings limited,3230858449,6.62,Insurance - Specialty
AUB.AX,AUB Group Limited,3179790184,24.34,Insurance Brokers
DRO.AX,DroneShield Limited,3019036221,3.27,Aerospace & Defense
MND.AX,Monadelphous Group Limited,2996783462,29.94,Engineering & Construction
SX2.AX,Southern Cross Gold Consolidated Ltd.,2794713088,11,Gold
L1G.AX,L1 Group Limited,661245135,1.19,Asset Management
ZIP.AX,Zip Co Limited,2966284000,2.36,Credit Services
MFF.AX,MFF Capital Investments Limited,2910578934,4.94,Asset Management
RSG.AX,Resolute Mining Limited,2810704161,1.315,Gold
CIA.AX,Champion Iron Limited,2666255005,5,Steel
BWP.AX,BWP Trust,2770426508,3.81,REIT - Industrial
MSB.AX,Mesoblast Limited,2727856026,2.11,Biotechnology
OBM.AX,Ora Banda Mining Limited,2611383100,1.355,Gold
FBU.AX,Fletcher Building Limited,2655079486,2.48,Building Materials
DBI.AX,Dalrymple Bay Infrastructure Limited,2632494452,5.31,Integrated Freight & Logistics
RGN.AX,Region Group,2607645071,2.27,REIT - Retail
HDN.AX,HomeCo Daily Needs REIT,2601177459,1.245,REIT - Retail
SUL.AX,Super Retail Group Limited,2504415885,11.09,Specialty Retail
BPT.AX,Beach Energy Limited,2519138025,1.105,Oil & Gas Exploration & Production
CLW.AX,Charter Hall Long WALE REIT,2483468590,3.47,REIT - Diversified
4DX.AX,4DMedical Limited,2471684988,4.17,Medical Devices
LOV.AX,Lovisa Holdings Limited,2459501952,22.21,Specialty Retail
DRR.AX,Deterra Royalties Limited,2382552000,4.5,Other Industrial Metals & Mining
BGL.AX,Bellevue Gold Limited,2381527374,1.6,Gold
AUI.AX,Australian United Investment Company Limited,1344070407,10.84,Asset Management
RWC.AX,Reliance Worldwide Corporation Limited,2326400665,3.11,Building Products & Equipment
MP1.AX,Megaport Limited,2368566376,12.88,Software - Infrastructure
CTD.AX,Corporate Travel Management Limited,2351454738,16.07,Travel Services
CQR.AX,Charter Hall Retail REIT,2214484810,3.81,REIT - Retail
PXA.AX,PEXA Group Limited,2149940388,12.22,Software - Application
FLT.AX,Flight Centre Travel Group Limited,2119286322,10.28,Travel Services
LLC.AX,Lendlease Group,2114127026,3.06,Real Estate - Diversified
SMR.AX,Stanmore Resources Limited,2082214675,2.31,Coking Coal
SRL.AX,Sunrise Energy Metals Limited,2011155938,13.09,Pollution & Treatment Controls
ALK.AX,Alkane Resources Ltd,2069793000,1.515,Gold
IMD.AX,Imdex Limited,2042248866,3.99,Farm & Heavy Construction Machinery
ELV.AX,Elevra Lithium Limited,1864313512,11.01,Other Industrial Metals & Mining
SRG.AX,SRG Global Limited,1973764800,3.15,Engineering & Construction
CBO.AX,Cobram Estate Olives Limited,1963043100,4.1,Packaged Foods
MAQ.AX,Macquarie Technology Group Limited,1961381005,76.1,Information Technology Services
PRN.AX,Perenti Limited,1957017647,2.09,Other Industrial Metals & Mining
EVT.AX,EVT Limited,1948643840,11.99,Entertainment
IPX.AX,IperionX Limited,1768190640,5.21,Other Industrial Metals & Mining
MI6.AX,Minerals 260 Limited,1890129130,0.835,Other Precious Metals & Mining
DVP.AX,Develop Global Limited,1884217062,5.71,Other Industrial Metals & Mining
ASK.AX,Abacus Storage King,1866026206,1.42,REIT - Industrial
MAH.AX,Macmahon Holdings Limited,1845294251,0.865,Other Industrial Metals & Mining
REG.AX,Regis Healthcare Limited,1871617716,6.19,Medical Care Facilities
PPT.AX,Perpetual Limited,1873549780,16.2,Asset Management
CIP.AX,Centuria Industrial REIT,1854432360,2.97,REIT - Industrial
KCN.AX,Kingsgate Consolidated Limited,1632825897,6.11,Gold
PMV.AX,Premier Investments Limited,1799503440,11.27,Apparel Retail
VGN.AX,Virgin Australia Holdings Limited,1874314110,2.39,Airlines
SLC.AX,Superloop Limited,1791204348,3.48,Telecom Services
ZIM.AX,Zimplats Holdings Limited,1670536312,15.52,Other Precious Metals & Mining
GNP.AX,GenusPlus Group Ltd,1768059665,9.74,Engineering & Construction
MGH.AX,MAAS Group Holdings Limited,1784985020,4.94,Engineering & Construction
VUL.AX,Vulcan Energy Resources Limited,855919354,3.61,Other Industrial Metals & Mining
GYG.AX,Guzman y Gomez Limited,1720976929,17,Restaurants
GLF.AX,GemLife Communities Group,1715100964,4.51,Resorts & Casinos
EOS.AX,Electro Optic Systems Holdings Limited,1701837513,8.82,Aerospace & Defense
ASB.AX,Austal Limited,1697752559,4.04,Aerospace & Defense
FFM.AX,FireFly Metals Ltd,1368706379,2.09,Other Industrial Metals & Mining
DYL.AX,Deep Yellow Limited,1668164363,1.71,Uranium
GDG.AX,Generation Development Group Limited,1627664278,4.07,Asset Management
GOZ.AX,Growthpoint Properties Australia,1629294065,2.16,REIT - Office
BGA.AX,Bega Cheese Limited,1640926537,5.37,Packaged Foods
MAD.AX,Mader Group Limited,1688732342,8.3,Specialty Business Services
WBT.AX,Weebit Nano Limited,1586280050,6.8,Semiconductors
DDR.AX,Dicker Data Limited,1605831328,8.87,Electronics & Computer Distribution
MFG.AX,Magellan Financial Group Limited,1591532237,8.6,Asset Management
RDX.AX,Redox Limited,1590996727,3.03,Chemicals
WPR.AX,Waypoint REIT,1586500830,2.43,REIT - Specialty
ORA.AX,Orora Limited,1574565497,1.285,Packaging & Containers
ABB.AX,Aussie Broadband Limited,1581393417,5.39,Telecom Services
BRE.AX,Brazilian Rare Earths Limited,1496020843,5.34,Other Precious Metals & Mining
TEA.AX,Tasmea Limited,1608082486,6.15,Engineering & Construction
ARU.AX,Arafura Rare Earths Limited,778287453,0.315,Other Industrial Metals & Mining
INA.AX,Ingenia Communities Group,1565119734,3.84,REIT - Residential
JDO.AX,Judo Capital Holdings Limited,1564191738,1.395,Banks - Regional
TAH.AX,Tabcorp Holdings Limited,1558995200,0.68,Gambling
SLX.AX,Silex Systems Limited,1315829035,5.58,Semiconductors
CYL.AX,Catalyst Metals Limited,1547403850,5.93,Gold
ELD.AX,Elders Limited,1330120159,7.2,Farm Products
DXI.AX,Dexus Industria REIT,761534548,2.41,REIT - Industrial
DGT.AX,DigiCo Infrastructure REIT,1516601349,2.74,REIT - Specialty
NEC.AX,Nine Entertainment Co. Holdings Limited,1506474017,0.95,Entertainment
DMP.AX,Domino's Pizza Enterprises Limited,1489420734,15.72,Restaurants
ARB.AX,ARB Corporation Limited,1495842177,17.88,Auto Parts
KAR.AX,Karoon Energy Ltd,1486085166,2.09,Oil & Gas Exploration & Production
MLX.AX,Metals X Limited,1365042969,1.54,Other Industrial Metals & Mining
BKI.AX,BKI Investment Company Limited,1448805941,1.795,Asset Management
SIQ.AX,Smartgroup Corporation Ltd,1530619914,11.14,Specialty Business Services
CNI.AX,Centuria Capital Group,1430341920,1.68,REIT - Diversified
PYC.AX,PYC Therapeutics Limited,833763226,1.43,Biotechnology
EQR.AX,EQ Resources Limited,840187765,0.245,Other Industrial Metals & Mining
ELS.AX,Elsight Limited,1378105306,6.25,Communication Equipment
HLI.AX,Helia Group Limited,1371572670,5.01,Insurance - Specialty
SNL.AX,Supply Network Limited,1351992420,30.9,Auto Parts
ARF.AX,Arena REIT,1321563750,3.25,REIT - Specialty
PNR.AX,Pantoro Gold Limited,1305337992,3.33,Gold
LIN.AX,Lindian Resources Limited,746361309,0.665,Other Industrial Metals & Mining
DTL.AX,Data#3 Limited,1270087518,8.19,Information Technology Services
PMT.AX,PMET Resources Inc.,1303750955,0.71,Other Industrial Metals & Mining
SSM.AX,Service Stream Limited,1323387646,2.14,Engineering & Construction
NGI.AX,Navigator Global Investments Limited,1246934199,2.53,Asset Management
MMS.AX,McMillan Shakespeare Limited,1225020792,17.59,Staffing & Employment Services
ERA.AX,Energy Resources of Australia Ltd,1216188723,0.003,Uranium
WA1.AX,WA1 Resources Ltd,1125408342,15.15,Copper
HMC.AX,HMC Capital Limited,1192459463,2.89,REIT - Diversified
NCK.AX,Nick Scali Limited,1188021409,13.89,Specialty Retail
MAF.AX,MA Financial Group Limited,1156363469,6.55,Asset Management
UOS.AX,United Overseas Australia Ltd,1150854750,0.675,Real Estate - Development
AIZ.AX,Air New Zealand Limited,1067075471,0.33,Airlines
GNC.AX,GrainCorp Limited,1155159830,5.21,Farm Products
CMW.AX,Cromwell Property Group,1113019750,0.425,REIT - Office
SXE.AX,Southern Cross Electrical Engineering Limited,1109444125,4.17,Engineering & Construction
APZ.AX,Aspen Group,1108728550,4.87,Real Estate - Diversified
KLS.AX,Kelsian Group Limited,1105642736,4.07,Railroads
IRE.AX,Iress Limited,1085562560,5.84,Software - Application
CU6.AX,Clarity Pharmaceuticals Ltd,1079548200,2.9,Biotechnology
BCI.AX,BCI Minerals Limited,1086904529,0.37,Steel
BMC.AX,BMC Minerals Limited,1057363264,3.68,Other Industrial Metals & Mining
PL8.AX,Plato Income Maximiser Limited,1036861173,1.385,Asset Management
NAN.AX,Nanosonics Limited,1036903419,3.47,Medical Instruments & Supplies
RIC.AX,Ridley Corporation Limited,1015851831,2.71,Packaged Foods
OCL.AX,Objective Corporation Limited,1004994360,10.47,Software - Application
BVS.AX,Bravura Solutions Limited,995225945,2.22,Software - Application
LFG.AX,Liberty Financial Group Limited,986700000,3.25,Credit Services
HSN.AX,Hansen Technologies Limited,977610216,4.8,Software - Application
WGN.AX,Wagners Holding Company Limited,918729609,4.6,Building Materials
A4N.AX,Alpha HPA Limited,994549028,0.685,Aluminum
SKS.AX,SKS Technologies Group Limited,957162715,8.3,Electrical Equipment & Parts
AVR.AX,Anteris Technologies Global Corp.,366045187,9.95,Medical Devices
PWH.AX,PWR Holdings Limited,967523054,9.62,Auto Parts
CKF.AX,Collins Foods Limited,949812861,8.04,Restaurants
CXO.AX,Core Lithium Ltd,786825000,0.325,Other Industrial Metals & Mining
CQE.AX,Charter Hall Social Infrastructure REIT,946327330,2.55,REIT - Specialty
LFS.AX,Latitude Group Holdings Limited,946156940,0.91,Credit Services
RPL.AX,Regal Partners Limited,930384730,2.53,Asset Management
ABG.AX,Abacus Group,924936030,1.035,REIT - Diversified
NUF.AX,Nufarm Limited,918127886,2.39,Agricultural Inputs
WEB.AX,Web Travel Group Limited,883055818,2.44,Travel Services
CCL.AX,Cuscal Limited,873523874,4.56,Software - Infrastructure
IPH.AX,IPH Limited,911824067,3.52,Specialty Business Services
BGP.AX,Briscoe Group Limited,810955644,3.64,Department Stores
CAT.AX,Catapult Sports Ltd,902879457,2.94,Scientific & Technical Instruments
CIN.AX,Carlton Investments Ltd.,870061500,33,Asset Management
GNG.AX,GR Engineering Services Limited,844628480,4.96,Other Industrial Metals & Mining
BC8.AX,Black Cat Syndicate Limited,812668502,1.115,Gold
SGLLV.AX,Ricegrowers Limited,842964140,12.37,Farm Products
BNDS.AX,Betashares Legg Mason Australian Bond Fund,843080686,23,Asset Management - Bonds
CVL.AX,Civmec Limited,834987195,1.645,Engineering & Construction
QAL.AX,Qualitas Limited,834569232,2.82,Asset Management
AOV.AX,Amotiv Limited,833885263,6.23,Auto Parts
SDR.AX,SiteMinder Limited,814769417,2.89,Software - Application
WC8.AX,Wildcat Resources Limited,827654100,0.61,Gold
HGH.AX,Heartland Group Holdings Limited,803425950,0.85,Banks - Regional
PNV.AX,PolyNovo Limited,825557374,1.195,Medical Devices
VSL.AX,Vulcan Steel Limited,823498319,5.62,Steel
SBM.AX,St Barbara Limited,810563227,0.67,Gold
AYA.AX,Artrya Limited,574690000,5.05,Health Information Services
BMN.AX,Bannerman Energy Ltd,801845520,3.86,Uranium
AAC.AX,Australian Agricultural Company Limited,792638272,1.315,Farm Products
IDX.AX,Integral Diagnostics Limited,787170393,2.11,Diagnostics & Research
CCP.AX,Credit Corp Group Limited,784811357,11.53,Credit Services
RFF.AX,Rural Funds Group,791137688,2.03,REIT - Specialty
DTR.AX,Dateline Resources Limited,775910845,0.205,Gold
PPC.AX,Peet Limited,779484662,1.665,Real Estate - Development
FRS.AX,Forrestania Resources Limited,278416765,0.605,Other Precious Metals & Mining
FRSOA.AX,Forrestania Resources Limited,,0.35,Metal Mining
EIQ.AX,Echo IQ Limited,759992117,1.15,Health Information Services
MYS.AX,MyState Limited,768589654,4.51,Banks - Regional
WIA.AX,WIA Gold Limited,739285000,0.5,Gold
PPM.AX,Pepper Money Limited,745702204,1.66,Credit Services
LRV.AX,Larvotto Resources Limited,741028460,1.43,Other Precious Metals & Mining
DJW.AX,Djerriwarrh Investments Limited,741262510,2.82,Asset Management
OPT.AX,Opthea Limited,820786880,0.6,Biotechnology
IEL.AX,IDP Education Limited,768207942,2.76,Education & Training Services
ING.AX,Inghams Group Limited,726633620,1.955,Farm Products
EUR.AX,European Lithium Limited,593493397,0.415,Other Industrial Metals & Mining
C79.AX,Chrysos Corporation Limited,703592334,6.04,Software - Application
SGR.AX,The Star Entertainment Group Limited,335622294,0.105,Resorts & Casinos
IPG.AX,IPD Group Limited,660273768,6.35,Specialty Industrial Machinery
RXL.AX,Rox Resources Limited,339031343,0.45,Gold
DUR.AX,Duratec Limited,663471200,2.57,Engineering & Construction
TVN.AX,Tivan Limited,646616948,0.285,Other Industrial Metals & Mining
TVNO.AX,Tivan Limited,,0.02,Gold And Silver Ores
SHA.AX,SHAPE Australia Corporation Limited,642867302,7.7,Engineering & Construction
OML.AX,oOh!media Limited,713086200,1.35,Advertising Agencies
HM1.AX,Hearts and Minds Investments Limited,627411138,2.74,Asset Management
TCG.AX,Turaco Gold Limited,621766643,0.59,Gold
SYL.AX,Symal Group Limited,621774400,2.61,Engineering & Construction
SMI.AX,Santana Minerals Limited,401100944,0.625,Other Precious Metals & Mining
SRV.AX,Servcorp Limited,632826390,6.34,Real Estate Services
CWP.AX,Cedar Woods Properties Limited,608291627,7.15,Real Estate - Development
MEI.AX,Meteoric Resources NL,577538599,0.2,Other Industrial Metals & Mining
FPR.AX,FleetPartners Group Limited,610168716,2.83,Rental & Leasing Services
CHN.AX,Chalice Mining Limited,601777084,1.545,Other Industrial Metals & Mining
GLN.AX,Galan Lithium Limited,571792639,0.455,Other Industrial Metals & Mining
LIC.AX,Lifestyle Communities Limited,588004461,4.83,Real Estate - Diversified
FML.AX,Focus Minerals Limited,584579636,2.04,Gold
MAU.AX,Magnetic Resources NL,576136306,1.95,Other Industrial Metals & Mining
MAUCA.AX,Magnetic Resources NL,508181768,1.72,Other Industrial Metals & Mining
TPW.AX,Temple & Webster Group Ltd,585738320,4.87,Specialty Retail
MIR.AX,Mirrabooka Investments Limited,559646905,2.5,Asset Management
COF.AX,Centuria Office REIT,558510095,0.935,REIT - Office
AMI.AX,Aurelia Metals Limited,550355584,0.325,Other Industrial Metals & Mining
BOE.AX,Boss Energy Limited,547963516,1.32,Uranium
EHL.AX,Emeco Holdings Limited,549477183,1.06,Rental & Leasing Services
JMS.AX,Jupiter Mines Limited,540608750,0.275,Other Industrial Metals & Mining
AIS.AX,Aeris Resources Limited,443960431,0.445,Other Industrial Metals & Mining
GWA.AX,GWA Group Limited,546322533,2.06,Building Products & Equipment
A1M.AX,AIC Mines Limited,522440983,0.655,Other Precious Metals & Mining
SKC.AX,SkyCity Entertainment Group Limited,411433891,0.475,Resorts & Casinos
RAC.AX,Racura Oncology Ltd,516387720,2.76,Biotechnology
SHV.AX,Select Harvests Limited,513008577,3.61,Packaged Foods
AEL.AX,Amplitude Energy Limited,404945115,1.68,Oil & Gas Exploration & Production
OBL.AX,Omni Bridgeway Limited,502528870,1.735,Asset Management
LYL.AX,Lycopodium Limited,508674893,12.8,Engineering & Construction
EQT.AX,EQT Holdings Limited,500482032,18.68,Asset Management
NMG.AX,New Murchison Gold Limited,499753200,0.046,Other Industrial Metals & Mining
UNI.AX,Universal Store Holdings Limited,509426112,6.64,Apparel Retail
ASL.AX,Andean Silver Limited,322502303,2.29,Gold
STX.AX,Strike Energy Limited,485918595,0.135,Oil & Gas Exploration & Production
NXL.AX,Nuix Limited,484415360,1.43,Software - Application
29M.AX,29Metals Limited,376383333,0.275,Other Precious Metals & Mining
USL.AX,Unico Silver Limited,379968810,0.76,Silver
PFP.AX,Propel Funeral Partners Limited,478768371,3.47,Personal Services
CUV.AX,Clinuvel Pharmaceuticals Limited,477390276,9.47,Biotechnology
AGI.AX,Ainsworth Game Technology Limited,471511600,1.4,Gambling
ASG.AX,Autosports Group Limited,470808888,2.21,Auto & Truck Dealerships
AEF.AX,Australian Ethical Investment Limited,466703324,4.1,Asset Management
AUC.AX,Ausgold Limited,363001467,0.845,Gold
INR.AX,ioneer Ltd,461194500,0.15,Other Industrial Metals & Mining
PC2.AX,PC Gold Limited,458949056,1.455,Gold
JIN.AX,Jumbo Interactive Limited,457872285,7.23,Gambling
BFG.AX,Bell Financial Group Limited,455456406,1.42,Capital Markets
SGQ.AX,St George Mining Limited,317964190,0.115,Other Industrial Metals & Mining
CDP.AX,Carindale Property Trust,447608322,5.41,REIT - Retail
BTL.AX,Beetaloo Energy Australia Limited,374408320,0.3,Oil & Gas Exploration & Production
EOL.AX,Energy One Limited,442480781,14.05,Software - Application
AFG.AX,Australian Finance Group Limited,433457200,1.595,Mortgage Finance
MYR.AX,Myer Holdings Limited,432686550,0.25,Department Stores
AZY.AX,Antipa Minerals Limited,430745250,0.65,Other Precious Metals & Mining
MMI.AX,Metro Mining Limited,20969403,1.365,Other Industrial Metals & Mining
SVM.AX,Sovereign Metals Limited,426374650,0.65,Other Industrial Metals & Mining
CGS.AX,Cogstate Limited,425775060,2.49,Health Information Services
OMA.AX,Omega Oil & Gas Limited,296594054,0.82,Oil & Gas Exploration & Production
ASM.AX,Australian Strategic Materials Ltd,307897500,1.525,Other Industrial Metals & Mining
MGX.AX,MGX Resources Limited,413150057,0.35,Steel
KSC.AX,K&S Corporation Limited,410541000,3,Integrated Freight & Logistics
IGL.AX,IVE Group Limited,404380955,2.63,Advertising Agencies
VYS.AX,Vysarn Limited,400858070,0.76,Engineering & Construction
CVW.AX,ClearView Wealth Limited,401964484,0.64,Insurance - Life
BTR.AX,Brightstar Resources Limited,188258507,0.36,Gold
TYR.AX,Tyro Payments Limited,395615376,0.745,Software - Infrastructure
THL.AX,Tourism Holdings Limited,379354570,1.715,Recreational Vehicles
WTN.AX,Winton Land Limited,673313181,2.27,Real Estate - Development
SVL.AX,Silver Mines Limited,387968400,0.18,Farm Products
MTM.AX,Metallium Limited,326137109,0.525,Other Industrial Metals & Mining
MEK.AX,Meeka Metals Limited,382965465,0.13,Gold
MPW.AX,Metal Powder Works Limited,214820453,2.55,Other Industrial Metals & Mining
CTM.AX,Centaurus Metals Limited,381891460,0.675,Other Industrial Metals & Mining
HCW.AX,HealthCo Healthcare and Wellness REIT,379621384,0.69,REIT - Healthcare Facilities
BLX.AX,Beacon Lighting Group Limited,378414300,1.65,Specialty Retail
TOK.AX,Tolu Minerals Limited,294227877,1.46,Other Precious Metals & Mining
SPZ.AX,Smart Parking Limited,377789230,0.91,Infrastructure Operations
TTT.AX,Titomic Limited,377432747,0.235,Specialty Industrial Machinery
GTK.AX,Gentrack Group Limited,392455648,3.49,Software - Infrastructure
HZN.AX,Horizon Oil Limited,366207413,0.225,Oil & Gas Exploration & Production
DXC.AX,Dexus Convenience Retail REIT,373718629,2.71,REIT - Retail
PBH.AX,PointsBet Holdings Limited,363228415,1.045,Gambling
QOR.AX,Qoria Limited,364170792,0.265,Software - Infrastructure
SKT.AX,SKY Network Television Limited,359331776,2.61,Entertainment
HCH.AX,Hot Chili Limited,265845149,1.76,Copper
STK.AX,Strickland Metals Limited,297211333,0.135,Other Precious Metals & Mining
LGI.AX,LGI Limited,308234902,3.47,Utilities - Renewable
MYG.AX,Mayfield Group Holdings Limited,294608927,3.01,Communication Equipment
ACL.AX,Australian Clinical Labs Limited,355639204,1.895,Diagnostics & Research
BRN.AX,BrainChip Holdings Ltd,369467577,0.155,Semiconductors
COG.AX,COG Financial Services Limited,351900450,1.65,Capital Markets
VMM.AX,Viridis Mining and Minerals Limited,343084100,2.65,Other Industrial Metals & Mining
RMC.AX,Resimac Group Limited,348065520,0.88,Mortgage Finance
MM8.AX,Medallion Metals Limited,272302750,0.435,Other Precious Metals & Mining
KGN.AX,Kogan.com Ltd,342324612,3.58,Internet Retail
BM1.AX,Ballard Mining Limited,356865568,0.75,Gold
AX1.AX,Accent Group Limited,339669906,0.565,Apparel Retail
PPS.AX,Praemium Limited,338793040,0.695,Capital Markets
SST.AX,Steamships Trading Company Limited,331788125,10.7,Integrated Freight & Logistics
AIH.AX,Advanced Innergy Holdings Limited,329427968,0.78,Specialty Industrial Machinery
CEL.AX,Challenger Gold Limited,270974040,0.135,Other Precious Metals & Mining
3DA.AX,Amaero Ltd,219246235,0.345,Other Industrial Metals & Mining
APX.AX,Appen Limited,328324390,1.225,Information Technology Services
HUM.AX,Humm Group Limited,325350736,0.645,Credit Services
TRE.AX,Toubani Resources Limited,56223580,0.42,Gold
DUG.AX,DUG Technology Ltd,322473340,2.38,Information Technology Services
GDI.AX,GDI Property Group,321194090,0.595,Real Estate Services
CAY.AX,Canyon Resources Limited,319627834,0.155,Other Industrial Metals & Mining
NVA.AX,Nova Minerals Limited,301035472,0.66,Other Industrial Metals & Mining
BCN.AX,Beacon Minerals Limited,316386539,2.82,Gold
PAC.AX,Pacific Current Group Limited,318306065,11,Asset Management
TGN.AX,Tungsten Mining NL,246096739,0.225,Other Industrial Metals & Mining
GG8.AX,Gorilla Gold Mines Ltd,300387730,0.41,Gold
RHI.AX,Red Hill Minerals Limited,308299200,4.8,Other Industrial Metals & Mining
AFP.AX,AFT Pharmaceuticals Limited,286284890,2.73,Drug Manufacturers - Specialty & Generic
WHI.AX,Whitefield Income Limited,220413760,1.365,Asset Management
POL.AX,Polymetals Resources Ltd,246202280,0.975,Gold
NSX:SUG.AX,Sugar Terminals Limited,,0.82,Public Warehousing And Storage
AAR.AX,Astral Resources NL,228968566,0.16,Gold
MVF.AX,Monash IVF Group Limited,284433433,0.73,Diagnostics & Research
FID.AX,Fiducian Group Ltd,283792931,8.99,Asset Management
TBR.AX,Tribune Resources Limited,283327616,5.4,Gold
AQI.AX,Alicanto Minerals Limited,124950095,1.75,Other Precious Metals & Mining
MRT.AX,Maritana Minerals Limited,198135040,0.76,Gold
BAP.AX,Bapcor Limited,134073457,0.395,Specialty Retail
SVR.AX,Solvar Limited,282354863,1.495,Credit Services
STN.AX,Saturn Metals Limited,237238730,0.515,Gold
AMH.AX,AMCIL Limited,279843621,0.885,Asset Management
TM1.AX,Terra Metals Limited,221179583,0.285,Other Precious Metals & Mining
GRX.AX,GreenX Metals Limited,273969502,0.88,Copper
TOR.AX,Torque Metals Limited,211419480,0.42,Gold
KOA.AX,The Koala Company Limited,,3,Furniture Stores
WTM.AX,Waratah Minerals Limited,101567520,0.68,Other Industrial Metals & Mining
EXR.AX,Elixir Energy Limited,198405083,0.135,Oil & Gas Exploration & Production
SPL.AX,Starpharma Holdings Limited,260975360,0.62,Biotechnology
SXL.AX,Southern Cross Media Group Limited,130877415,0.545,Entertainment
CYM.AX,Cyprium Metals Limited,79908750,0.45,Copper
ERM.AX,Emmerson Resources Limited,259543830,0.39,Gold
AUE.AX,Aurum Resources Limited,258054982,0.64,Other Industrial Metals & Mining
AMA.AX,AMA Group Limited,257593773,0.535,Auto & Truck Dealerships
MCM.AX,MC Mining Limited,266151375,0.315,Thermal Coal
BHM.AX,Broken Hill Mines Limited,27166875,0.81,Other Precious Metals & Mining
PSC.AX,Prospect Resources Limited,240136366,0.295,Other Industrial Metals & Mining
ACF.AX,Acrow Limited,255480020,0.82,Engineering & Construction
ORN.AX,Orion Minerals Limited,238635589,0.029,Other Industrial Metals & Mining
SS1.AX,Sun Silver Limited,254856509,1.385,Other Precious Metals & Mining
BOC.AX,Bougainville Copper Limited,254674688,0.635,Other Precious Metals & Mining
EBR.AX,"EBR Systems, Inc.",254496224,0.565,Medical Devices
DAI.AX,Decidr AI Industries Ltd,235486912,0.725,Software - Infrastructure
XRF.AX,XRF Scientific Limited,253180800,1.77,Conglomerates
TTX.AX,Tetratherix Limited,253828325,5,Biotechnology
SFC.AX,Schaffer Corporation Limited,252789010,18.6,Auto Parts
HLS.AX,Healius Limited,250523758,0.345,Diagnostics & Research
FEX.AX,Fenix Resources Limited,248612975,0.325,Steel
ALR.AX,Altair Minerals Limited,248456075,0.039,Other Industrial Metals & Mining
SKY.AX,Sky Metals Limited,195891583,0.25,Gold
EGH.AX,Eureka Group Holdings Limited,244476403,0.57,Real Estate Services
WWI.AX,West Wits Mining Limited,24557528,0.565,Gold
ATR.AX,Astron Corporation Limited,119867688,0.54,Other Industrial Metals & Mining
SLS.AX,Solstice Minerals Limited,152990901,1.35,Other Industrial Metals & Mining
A11.AX,Atlantic Lithium Limited,252473445,0.315,Other Industrial Metals & Mining
TGM.AX,Theta Gold Mines Limited,242920902,0.21,Gold
SYR.AX,Syrah Resources Limited,120862241,0.105,Other Industrial Metals & Mining
AEM.AX,Advanced Energy Minerals Limited,,0.435,Other
AS1.AX,Asara Resources Limited,240926674,0.15,Gold
CVN.AX,Carnarvon Energy Limited,205744991,0.115,Oil & Gas Exploration & Production
PGC.AX,Paragon Care Limited,240019281,0.145,Medical Distribution
BML.AX,Boab Metals Limited,109415026,0.415,Other Industrial Metals & Mining
HAV.AX,Havilah Resources Limited,238897625,0.675,Gold
CVC.AX,CVC Limited,237938064,2.04,Asset Management
ACE.AX,Acusensus Limited,199378502,1.41,Software - Infrastructure
MM1.AX,Midas Minerals Limited,149665939,0.98,Other Precious Metals & Mining
CBE.AX,Cobre Limited,125467492,0.245,Other Industrial Metals & Mining
CBEO.AX,Cobre Limited,,0.17,Metal Mining
ARR.AX,American Rare Earths Limited,235179198,0.41,Other Industrial Metals & Mining
REP.AX,RAM Essential Services Property Fund,235500636,0.47,Asset Management
AR1.AX,Austral Resources Australia Ltd,51150462,0.094,Copper
HLO.AX,Helloworld Travel Limited,232425836,1.42,Travel Services
KGL.AX,KGL Resources Limited,223702810,0.29,Other Industrial Metals & Mining
FTI.AX,Fortifai Limited,104160672,0.72,Electronic Gaming & Multimedia
NTU.AX,Northern Minerals Limited,194301872,0.024,Other Industrial Metals & Mining
AI1.AX,Adisyn Ltd,148771700,0.22,Information Technology Services
IMB.AX,Intelligent Monitoring Group Limited,185577992,0.555,Security & Protection Services
BGD.AX,Barton Gold Holdings Limited,228530428,0.955,Gold
OCC.AX,Orthocell Limited,185435841,0.835,Biotechnology
ADH.AX,Adairs Limited,226840576,1.27,Specialty Retail
RIV.AX,Rivco Australia Ltd,230281900,1.405,
CUP.AX,Count Limited,179132148,1.06,Specialty Business Services
LAU.AX,Lindsay Australia Limited,221582193,0.605,Trucking
TTM.AX,Titan Minerals Limited,219950157,0.765,Gold
WRK.AX,Wrkr Ltd,219481778,0.11,Software - Infrastructure
CCV.AX,Cash Converters International Limited,217014495,0.305,Specialty Retail
BIS.AX,Bisalloy Steel Group Limited,214743270,4.47,Steel
ARX.AX,Aroa Biosurgery Limited,214459860,0.62,Medical Devices
BET.AX,Betmakers Technology Group Ltd,212853632,0.19,Gambling
SPD.AX,Southern Palladium Limited,173317765,1.625,Other Precious Metals & Mining
GDF.AX,Garda Property Group,225188055,1.035,Real Estate Services
WAR.AX,WAM Strategic Value Limited,204442739,1.135,Asset Management
6KA.AX,"6K Additive, Inc.",203123360,0.775,Other Industrial Metals & Mining
LED.AX,LDR Capital Property Fund,203500992,0.5,Real Estate Services
FDR.AX,Finder Energy Holdings Limited,219611451,0.405,Oil & Gas Exploration & Production
OMH.AX,OM Holdings Limited,202545860,0.265,Other Industrial Metals & Mining
WJL.AX,Webjet Group Limited,202153136,0.505,Travel Services
HRN.AX,Horizon Gold Limited,183469780,1.03,Gold
TGF.AX,Tribeca Global Natural Resources Limited,200447207,2.72,Asset Management
LAM.AX,Laramide Resources Ltd.,219831280,0.775,Uranium
NVX.AX,NOVONIX Limited,198312384,0.23,Electrical Equipment & Parts
KIT.AX,The Trustee For Kapstream Investment Trust,,1.93,"Unit Investment Trusts, Face-Amount Certificate Offices, and Closed-End Management Investment Offices"
CAA.AX,Capral Limited,195111921,12.19,Aluminum
KOV.AX,Korvest Ltd,195947657,16.56,Metal Fabrication
MKR.AX,Manuka Resources Limited,125923850,0.13,Other Precious Metals & Mining
IKE.AX,ikeGPS Group Limited,193989249,1,Scientific & Technical Instruments
LKE.AX,Lake Resources NL,151602612,0.084,Other Industrial Metals & Mining
LKEO.AX,Lake Resources NL,,0.058,Metal Mining
BBN.AX,Baby Bunting Group Limited,194300042,1.435,Specialty Retail
FRI.AX,Finbar Group Limited,193207431,0.71,Real Estate - Development
VTM.AX,Victory Metals Limited,159200650,1.475,Gold
TSO.AX,Tesoro Gold Ltd,134513079,0.995,Gold
TSOOA.AX,Tesoro Gold Ltd,,0.003,Gold And Silver Ores
WAT.AX,Waterco Limited,191338815,5.46,Pollution & Treatment Controls
GRR.AX,Grange Resources Limited,185174192,0.16,Steel
KPG.AX,Kelly Partners Group Holdings Limited,191965818,4.24,Specialty Business Services
BXN.AX,Bioxyne Limited,188458970,0.083,Packaged Foods
MYX.AX,Mayne Pharma Group Limited,187677860,2.31,Medical Distribution
AVH.AX,"AVITA Medical, Inc.",146573110,1.18,Medical Devices
PWR.AX,Peter Warren Automotive Holdings Limited,186036553,1.08,Auto & Truck Dealerships
BKY.AX,Berkeley Energia Limited,185211595,0.415,Uranium
LOT.AX,Lotus Resources Limited,132677325,0.675,Other Industrial Metals & Mining
IVR.AX,Investigator Silver Limited,93558784,0.064,Other Precious Metals & Mining
AD8.AX,Audinate Group Limited,180463114,2.14,Electronic Components
ELT.AX,Elementos Limited,141146065,0.415,Other Industrial Metals & Mining
G50.AX,G50 Corp Limited,131971063,0.85,Other Precious Metals & Mining
NZM.AX,NZME Limited,175008906,0.93,Entertainment
AGE.AX,Alligator Energy Limited,177481366,0.04,Uranium
BBT.AX,Betr Entertainment Limited,176973400,0.17,Gambling
PEN.AX,Peninsula Energy Limited,62341708,0.39,Uranium
FXG.AX,Felix Gold Limited,173316521,0.35,Gold
EZL.AX,Euroz Hartleys Group Limited,173454975,1.115,Asset Management
JYC.AX,Joyce Corporation Ltd,172093146,5.82,Specialty Retail
CNB.AX,Carnaby Resources Limited,134862080,0.59,Other Precious Metals & Mining
PRG.AX,PRL Global Ltd.,171109042,1.545,Integrated Freight & Logistics
CVV.AX,Caravel Minerals Limited,170422580,0.305,Copper
SSG.AX,Shaver Shop Group Limited,170316242,1.3,Specialty Retail
GPR.AX,Geopacific Resources Limited,169907152,0.053,Gold
CEH.AX,Coast Entertainment Holdings Limited,169024415,0.435,Leisure
ATA.AX,Atturra Limited,168098129,0.455,Information Technology Services
RDY.AX,ReadyTech Holdings Limited,166811544,1.35,Software - Application
VFY.AX,Vitrafy Life Sciences Limited,,2.6,Laboratory Apparatus and Furniture
EWC.AX,Energy World Corporation Ltd,133461250,0.043,Utilities - Independent Power Producers
MTO.AX,MotorCycle Holdings Limited,165453116,2.24,Auto & Truck Dealerships
ENR.AX,Encounter Resources Limited,159418170,0.285,Other Industrial Metals & Mining
FDV.AX,Frontier Digital Ventures Limited,163400538,0.375,Internet Content & Information
EMV.AX,EMVision Medical Devices Ltd,162177864,1.745,Medical Devices
COI.AX,Comet Ridge Limited,161519227,0.135,Oil & Gas Exploration & Production
ZEO.AX,Zeotech Limited,160470960,0.078,Other Industrial Metals & Mining
FHE.AX,Frontier Energy Limited,158926651,0.282,Utilities - Renewable
RNU.AX,Renascor Resources Limited,157866733,0.062,Other Industrial Metals & Mining
DLI.AX,Delta Lithium Limited,157819860,0.22,Gold
KAU.AX,Kaiser Reef Limited,145277280,0.24,Gold
HGO.AX,Hillgrove Resources Limited,122386286,0.046,Copper
SGI.AX,Stealth Group Holdings Ltd,133100919,1.05,Industrial Distribution
CLV.AX,Clover Corporation Limited,156979381,0.94,Packaged Foods
AEU.AX,Atomic Eagle Limited,156695800,0.4,Uranium
ACW.AX,Actinogen Medical Limited,147136967,0.041,Biotechnology
PLT.AX,Plenti Group Limited,153969925,0.845,Credit Services
CY5.AX,Cygnus Metals Limited,146509200,0.12,Other Industrial Metals & Mining
EML.AX,EML Payments Limited,151523935,0.39,Software - Infrastructure
CLX.AX,CTI Logistics Limited,151280664,1.87,Integrated Freight & Logistics
GML.AX,Gateway Mining Limited,25315824,0.064,Gold
VVA.AX,Viva Leisure Limited,146341358,1.485,Leisure
FWD.AX,Fleetwood Limited,150907191,1.63,Engineering & Construction
SDI.AX,SDI Limited,147987585,1.245,Medical Instruments & Supplies
PEX.AX,Peel Mining Limited,79912580,0.17,Other Industrial Metals & Mining
TLG.AX,Talga Group Ltd,145614137,0.285,Other Industrial Metals & Mining
FSA.AX,FSA Group Limited,145678110,1.165,Credit Services
EGR.AX,EcoGraf Limited,143080810,0.31,Other Industrial Metals & Mining
APW.AX,Aims Property Securities Fund,142460800,3.2,REIT - Diversified
SEC.AX,Spheria Emerging Companies Limited,141454900,2.36,Asset Management
BTI.AX,Bailador Technology Investments Limited,141368876,0.935,Asset Management
ETM.AX,Energy Transition Minerals Ltd,140678436,0.064,Other Industrial Metals & Mining
VAL.AX,Valiant Gold Limited,140400026,0.26,Gold
ARL.AX,Ardea Resources Limited,139518390,0.635,Other Industrial Metals & Mining
RND.AX,Rand Mining Limited,139346104,2.45,Gold
RCE.AX,Recce Pharmaceuticals Ltd,138808043,0.48,Biotechnology
DEV.AX,DevEx Resources Limited,88897490,0.195,Other Industrial Metals & Mining
BBL.AX,Brisbane Broncos Limited,135786274,1.385,Entertainment
NYR.AX,Nyrada Inc.,111847586,0.56,Biotechnology
QGL.AX,Quantum Graphite Limited,134974840,0.385,Other Industrial Metals & Mining
MEU.AX,Marmota Limited,135598775,0.105,Other Industrial Metals & Mining
RML.AX,Resolution Minerals Ltd,70274460,0.06,Other Industrial Metals & Mining
RMLOC.AX,Resolution Minerals Ltd,,0.045,Metal Mining
OFX.AX,OFX Group Limited,133253184,0.575,Capital Markets
ALC.AX,Alcidion Group Limited,132952317,0.099,Health Information Services
GL1.AX,Global Lithium Resources Limited,132795872,0.505,Other Industrial Metals & Mining
MPK.AX,Many Peaks Minerals Limited,132496186,0.965,Other Precious Metals & Mining
DXB.AX,Dimerix Limited,132087291,0.22,Biotechnology
VLS.AX,Vita Life Sciences Limited,129056836,2.42,Drug Manufacturers - Specialty & Generic
WR1.AX,Winsome Resources Limited,131298871,0.535,Other Industrial Metals & Mining
TER.AX,TerraCom Limited,55877500,0.07,Thermal Coal
GBR.AX,Great Boulder Resources Limited,115418199,0.105,Other Industrial Metals & Mining
EDE.AX,Eden Innovations Ltd,83082049,0.225,Specialty Industrial Machinery
BRI.AX,Big River Industries Limited,129041171,1.37,Lumber & Wood Production
SEA.AX,Sea Forest Limited,129498064,2.34,Packaged Foods
FAL.AX,Falcon Metals Limited,106726732,0.6,Gold
AEE.AX,Aura Energy Limited,132527200,0.13,Uranium
GEM.AX,G8 Education Limited,127307235,0.165,Education & Training Services
MHJ.AX,Michael Hill International Limited,126998059,0.33,Luxury Goods
SNC.AX,Sandon Capital Investments Limited,120505320,0.78,Asset Management
BWN.AX,Bhagwan Marine Limited,90917959,0.33,Marine Shipping
SOM.AX,SomnoMed Limited,124877310,0.57,Medical Devices
AKM.AX,Aspire Mining Limited,124371061,0.245,Coking Coal
GOW.AX,Gowing Bros. Limited,122976494,2.27,Asset Management
MLG.AX,MLG Oz Limited,122398795,0.79,Other Industrial Metals & Mining
SRZ.AX,Stellar Resources Limited,73734780,0.036,Other Industrial Metals & Mining
EL8.AX,Elevate Uranium Ltd,96347160,0.26,Uranium
ENN.AX,Elanor Investors Group,108175615,0.82,Asset Management
LDX.AX,Lumos Diagnostics Holdings Limited,95421875,0.125,Medical Devices
AHC.AX,Austco Healthcare Limited,125541585,0.335,Medical Instruments & Supplies
SHJ.AX,Shine Justice Ltd,120267181,0.71,Personal Services
NOL.AX,NobleOak Life Limited,117108835,1.26,Insurance - Life
JGH.AX,Jade Gas Holdings Limited,116561240,0.061,Oil & Gas Exploration & Production
SND.AX,Saunders International Limited,117257287,0.84,Engineering & Construction
CXU.AX,Cauldron Energy Limited,112033737,0.055,Other Industrial Metals & Mining
YOJ.AX,Yojee Limited,115522391,0.325,Software - Application
ANG.AX,Austin Engineering Limited,115275512,0.185,Farm & Heavy Construction Machinery
EMP.AX,Emperor Energy Limited,97576113,0.12,Oil & Gas Exploration & Production
DRE.AX,Dreadnought Resources Limited,114504000,0.02,Other Industrial Metals & Mining
5EA.AX,"5E Advanced Materials, Inc.",62306490,0.265,Specialty Chemicals
ASN.AX,Anson Resources Limited,113366634,0.07,Other Industrial Metals & Mining
GBM.AX,GBM Resources Limited,112893193,0.023,Gold
TKM.AX,Trek Metals Limited,86084272,0.165,Other Industrial Metals & Mining
BVR.AX,Bellavista Resources Limited,52936138,0.525,Other Industrial Metals & Mining
CCR.AX,Credit Clear Limited,112501400,0.22,Information Technology Services
VNL.AX,Vinyl Group Ltd,111842640,0.078,Software - Application
PLY.AX,PlaySide Studios Limited,115727826,0.255,Electronic Gaming & Multimedia
AGY.AX,Argosy Minerals Limited,111126307,0.072,Other Industrial Metals & Mining
TWD.AX,Tamawood Limited,110274129,2.78,Residential Construction
CXL.AX,Calix Limited,113286952,0.525,Specialty Chemicals
OIL.AX,Optiscan Imaging Limited,109638546,0.105,Scientific & Technical Instruments
ATH.AX,Alterity Therapeutics Limited,108754000,0.01,Biotechnology
EDU.AX,EDU Holdings Limited,129405433,0.87,Education & Training Services
PCL.AX,Pancontinental Energy NL,107719040,0.013,Oil & Gas Exploration & Production
KLV.AX,Klevo Rewards Limited,101373688,0.07,Software - Application
AT4.AX,American Tungsten and Antimony Ltd,107509418,0.08,Other Industrial Metals & Mining
AT4OD.AX,American Tungsten and Antimony Ltd,,0.045,"Mining and Quarrying Of Nonmetallic Minerals, except Fuels"
WOT.AX,WOTSO,108375743,0.67,Residential & Commercial REITs
HASO.AX,Hastings Technology Metals Limited,,0.001,Miscellaneous Metal Ores
BKB.AX,Black Bear Minerals Limited,118899328,0.7,Other Industrial Metals & Mining
MSV.AX,Mitchell Services Limited,105981204,0.5,Other Industrial Metals & Mining
AHL.AX,Adrad Holdings Limited,105717763,1.3,Specialty Industrial Machinery
DGL.AX,DGL Group Limited,105533347,0.37,Specialty Chemicals
BB1.AX,BlinkLab Limited,105482376,0.68,Health Information Services
URF.AX,US Masters Residential Property Fund,103267693,0.15,REIT - Residential
GLB.AX,Globe International Limited,101586354,2.45,Apparel Manufacturing
OCN.AX,Oceana Metals Limited,101585258,0.515,Other Industrial Metals & Mining
CYC.AX,Cyclopharm Limited,101482960,0.805,Medical Distribution
HAS.AX,Hastings Technology Metals Limited,101332508,0.445,Other Industrial Metals & Mining
ARN.AX,Aldoro Resources Limited,100249425,0.425,Other Industrial Metals & Mining
ART.AX,Airtasker Limited,104807738,0.215,Internet Content & Information
LRM.AX,Lion Rock Minerals Ltd,96225760,0.026,Other Precious Metals & Mining
CMA.AX,Carma Limited,98940424,0.72,Auto & Truck Dealerships
ILA.AX,Island Pharmaceuticals Limited,87523148,0.35,Biotechnology
HPG.AX,hipages Group Holdings Limited,99255339,0.725,Software - Application
AL3.AX,AML3D Limited,97392501,0.175,Metal Fabrication
FLC.AX,Fluence Corporation Limited,97263739,0.086,Pollution & Treatment Controls
AGD.AX,Austral Gold Limited,96875033,0.145,Other Precious Metals & Mining
NZK.AX,New Zealand King Salmon Investments Limited,96872809,0.18,Farm Products
E25.AX,Element 25 Limited,69316113,0.295,Other Industrial Metals & Mining
HZR.AX,Hazer Group Limited,95743863,0.357,Chemicals
PNC.AX,Pioneer Credit Limited,96432806,0.6,Credit Services
IOD.AX,IODM Limited,95198850,0.15,Software - Application
EPI.AX,Epiminder Limited,94252,0.43,Medical Devices
AQZ.AX,Alliance Aviation Services Limited,95025900,0.59,Airports & Air Services
QPM.AX,QPM Energy Limited,68571691,0.024,Oil & Gas Exploration & Production
COV.AX,Cleo Diagnostics Ltd,93066216,0.69,Medical Devices
KMD.AX,KMD Brands Limited,37011778,0.052,Apparel Manufacturing
SBZ.AX,Schoolblazer Limited,93857752,0.18,Asset Management
IVZ.AX,Invictus Energy Limited,78197600,0.052,Oil & Gas Exploration & Production
ARA.AX,Ariadne Australia Limited,93000971,0.48,Asset Management
TOT.AX,360 Capital REIT,91821240,0.42,REIT - Diversified
CHW.AX,Chilwa Minerals Limited,91072392,0.93,Other Industrial Metals & Mining
GBE.AX,Globe Metals & Mining Limited,67381341,0.097,Other Industrial Metals & Mining
ALA.AX,Arovella Therapeutics Limited,90658500,0.075,Biotechnology
SHN.AX,Sunshine Metals Limited,53808048,0.028,Other Industrial Metals & Mining
ADV.AX,Ardiden Limited,26677350,0.42,Gold
PAR.AX,Paradigm Biopharmaceuticals Limited,73675855,0.17,Biotechnology
LRK.AX,LARK Distilling Co. Ltd.,88594275,0.825,Beverages - Wineries & Distilleries
CUF.AX,CuFe Ltd,73232866,0.051,Other Industrial Metals & Mining
BUB.AX,Bubs Australia Limited,88518870,0.099,Packaged Foods
BSX.AX,Blackstone Minerals Limited,87771282,0.051,Other Industrial Metals & Mining
RTG.AX,RTG Mining Inc.,86026950,0.045,Other Industrial Metals & Mining
MCE.AX,Matrix Composites & Engineering Ltd,87627538,0.39,Engineering & Construction
CUE.AX,Cue Energy Resources Limited,87642192,0.125,Oil & Gas Exploration & Production
VHM.AX,VHM Limited,74662656,0.295,Other Industrial Metals & Mining
FLG.AX,Flagship Minerals Limited,87220979,0.27,Other Industrial Metals & Mining
AAL.AX,Alfabs Australia Limited,86100612,0.3,Conglomerates
AON.AX,Apollo Minerals Limited,63599305,0.068,Other Industrial Metals & Mining
NH3.AX,NH3 Clean Energy Limited,85545600,0.12,Other Industrial Metals & Mining
LNQ.AX,LinQ Minerals Limited,72936673,0.415,Other Industrial Metals & Mining
EQU.AX,Equus Energy Limited,82880712,0.415,Utilities - Regulated Gas
IXR.AX,Ionic Rare Earths Limited,76849860,0.34,Other Industrial Metals & Mining
MXI.AX,MaxiPARTS Limited,84738084,1.525,Auto Parts
ATX.AX,Amplia Therapeutics Limited,76960744,0.15,Biotechnology
PHO.AX,PhosCo Ltd,67161620,0.16,Other Industrial Metals & Mining
LM8.AX,Lunnon Metals Limited,81518712,0.365,Other Industrial Metals & Mining
LIS.AX,Li-S Energy Limited,84826530,0.132,Electrical Equipment & Parts
AVL.AX,Australian Vanadium Limited,77004108,0.205,Other Industrial Metals & Mining
MAT.AX,Matsa Resources Limited,66476930,0.085,Gold
IMM.AX,Immutep Limited,88423200,0.06,Biotechnology
IFN.AX,Infragreen Group Limited,83558672,0.375,Waste Management
RCT.AX,Reef Casino Trust,164841310,3.31,Resorts & Casinos
AXE.AX,Archer Materials Limited,81551044,0.32,Semiconductors
OR3.AX,Ore Resources Limited,81534197,0.099,Other Industrial Metals & Mining
EVO.AX,Embark Early Education Limited,82482820,0.405,Education & Training Services
EMH.AX,European Metals Holdings Limited,65345175,0.315,Other Industrial Metals & Mining
ECH.AX,Echelon Resources Limited,80622302,0.36,Oil & Gas Exploration & Production
CRS.AX,Caprice Resources Limited,78137292,0.115,Other Industrial Metals & Mining
PTN.AX,Patronus Resources Limited,79880678,0.054,Gold
DRX.AX,Diatreme Resources Limited,80132509,0.016,Other Industrial Metals & Mining
VEE.AX,VEEM Ltd,79978408,0.545,Aerospace & Defense
SEG.AX,Sports Entertainment Group Limited,80049309,0.285,Broadcasting
KKO.AX,Kinetiko Energy Limited,79880702,0.052,Oil & Gas Exploration & Production
AV1.AX,Adveritas Limited,79692643,0.086,Software - Infrastructure
ESR.AX,Estrella Resources Limited,79579331,0.036,Other Industrial Metals & Mining
MMA.AX,Maronan Metals Limited,63702660,0.315,Other Precious Metals & Mining
A1N.AX,ARN Media Limited,79827845,0.255,Broadcasting
YRL.AX,Yandal Resources Limited,65087363,0.205,Gold
ATG.AX,Articore Group Limited,82611087,0.27,Internet Retail
NDO.AX,Nido Education Limited,78290465,0.345,Education & Training Services
CYP.AX,Cynata Therapeutics Limited,77905280,0.315,Biotechnology
STM.AX,Sunstone Metals Limited,78272396,0.345,Other Industrial Metals & Mining
RTR.AX,Rumble Resources Limited,52884608,0.056,Other Industrial Metals & Mining
PVE.AX,Po Valley Energy Limited,70696659,0.061,Oil & Gas Exploration & Production
BOT.AX,Botanix Pharmaceuticals Limited,55789791,0.028,Biotechnology
EGL.AX,The Environmental Group Limited,76099559,0.2,Pollution & Treatment Controls
KSN.AX,Kingston Resources Limited,74931681,0.089,Gold
AEG.AX,Aland Equity Group Limited,65835110,0.097,Capital Markets
BCM.AX,Brazilian Critical Minerals Limited,72517657,0.037,Gold
RAD.AX,Radiopharm Theranostics Limited,49663940,0.021,Biotechnology
CTT.AX,Cettire Limited,74341453,0.195,Luxury Goods
LSA.AX,Lachlan Star Limited,56182014,0.21,Other Industrial Metals & Mining
LTP.AX,LTR Pharma Limited,73619920,0.42,Biotechnology
B4P.AX,Beforepay Group Limited,73201415,1.47,Software - Infrastructure
TAM.AX,Tanami Gold NL,78460326,0.062,Gold
PHX.AX,PharmX Technologies Limited,72540270,0.11,Health Information Services
AQD.AX,AusQuest Limited,71624771,0.044,Other Industrial Metals & Mining
TNC.AX,True North Copper Limited,67048427,0.44,Copper
ARD.AX,Argent Minerals Limited,57484014,0.042,Other Precious Metals & Mining
KYP.AX,Kinatico Ltd,72202680,0.165,Information Technology Services
SHG.AX,Singular Health Group Ltd,71172375,0.225,Health Information Services
SNM.AX,Sentinel Metals Limited,70818792,0.68,Gold
RNT.AX,Rent.com.au Limited,70765993,0.061,Internet Content & Information
RNTO.AX,Rent.com.au Limited,,0.006,"Computer Programming, Data Processing, And Other Computer Related Services"
PCG.AX,Pengana Capital Group Limited,74346228,0.79,Asset Management
ITS.AX,Infotrust Ltd,68668360,0.355,Information Technology Services
ENX.AX,Enegex Limited,17999929,0.23,Other Industrial Metals & Mining
CAF.AX,Centrepoint Alliance Limited,69086490,0.33,Asset Management
SSL.AX,Sietel Limited,68864319,8.6,Real Estate Services
EXP.AX,Experience Co Limited,68674732,0.091,Leisure
SKK.AX,Stakk Limited,56726231,0.023,Software - Application
TOE.AX,Toro Energy Limited,68560653,0.57,Other Industrial Metals & Mining
PTX.AX,Prescient Therapeutics Limited,68348445,0.065,Biotechnology
M7T.AX,Mach7 Technologies Limited,68152817,0.29,Health Information Services
NVU.AX,Nanoveu Limited,68068425,0.063,Software - Application
NNL.AX,Nordic Resources Limited,67688634,0.18,Other Industrial Metals & Mining
BOL.AX,Boom Logistics Limited,68345100,1.8,Specialty Business Services
FND.AX,Findi Limited,41607339,0.675,Software - Infrastructure
NGY.AX,NuEnergy Gas Limited,67164962,0.035,Oil & Gas Exploration & Production
EVZ.AX,EVZ Limited,66826650,0.55,Engineering & Construction
CRI.AX,Critica Limited,66677734,0.022,Other Industrial Metals & Mining
MME.AX,MoneyMe Limited,66644581,0.084,Credit Services
CAE.AX,Cannindah Resources Limited,40058774,0.049,Other Precious Metals & Mining
MTC.AX,MetalsTech Limited,65797445,0.245,Gold
OSM.AX,Osmond Resources Limited,64873121,0.47,Other Precious Metals & Mining
DBF.AX,Duxton Farms Limited,27226900,0.6,Farm Products
CP8.AX,Canadian Phosphate Limited,64150697,0.185,Agricultural Inputs
3PL.AX,3P Learning Limited,61403967,0.225,Education & Training Services
BCA.AX,Black Canyon Limited,52618740,0.395,Other Industrial Metals & Mining
LBL.AX,LaserBond Limited,63828343,0.54,Specialty Industrial Machinery
LLM.AX,Loyal Metals Limited,64710719,0.425,Other Industrial Metals & Mining
BIO.AX,Biome Australia Limited,63839448,0.28,Packaged Foods
ENP.AX,Entropy Neurodynamics Limited,63641244,0.039,Biotechnology
SHO.AX,SportsHero Limited,62486667,0.07,Internet Content & Information
FLN.AX,Freelancer Limited,63128083,0.14,Internet Content & Information
MYE.AX,Mastermyne Group Limited,63272883,0.205,Other Industrial Metals & Mining
RZI.AX,Raiz Invest Limited,62707055,0.595,Software - Infrastructure
ROC.AX,RocketBoots Limited,62639639,0.31,Software - Application
VR1.AX,Vection Technologies Limited,41904000,0.027,Software - Application
IBR.AX,Iron Bear Resources Ltd,63056440,0.059,Other Industrial Metals & Mining
MTH.AX,Mithril Silver and Gold Limited,61854460,0.33,Other Industrial Metals & Mining
FFI.AX,FFI Holdings Limited,61138800,4.5,Confectioners
HAR.AX,Haranga Resources Limited,42879700,0.135,Other Precious Metals & Mining
AOF.AX,Australian Unity Office Fund,59999795,0.365,REIT - Office
AWJ.AX,Auric Mining Limited,59869953,0.32,Gold
AAM.AX,AuMEGA Metals Ltd,24362733,0.041,Gold
PFG.AX,Prime Financial Group Limited,58768055,0.22,Asset Management
RMI.AX,Resource Minerals International Ltd,58795581,0.069,Other Industrial Metals & Mining
CZR.AX,CZR Resources Ltd,58662210,0.245,Other Industrial Metals & Mining
GHY.AX,Gold Hydrogen Limited,58647643,0.325,Oil & Gas Exploration & Production
LCY.AX,Legacy Iron Ore Limited,58572256,0.006,Other Industrial Metals & Mining
VBX.AX,VBX Limited,58173763,0.7,Aluminum
VBC.AX,Verbrec Limited,58169830,0.19,Engineering & Construction
PPE.AX,Peoplein Limited,60744557,0.555,Staffing & Employment Services
TZN.AX,Terramin Australia Limited,57303926,0.024,Other Industrial Metals & Mining
NMR.AX,Native Mineral Resources Holdings Limited,56034210,0.051,Other Industrial Metals & Mining
D3E.AX,D3 Energy Limited,57418000,0.375,Oil & Gas Exploration & Production
LMG.AX,Latrobe Magnesium Limited,43640622,0.018,Other Industrial Metals & Mining
AUZ.AX,Australian Mines Limited,53338060,0.026,Other Industrial Metals & Mining
CMP.AX,Compumedics Limited,55933291,0.28,Medical Devices
FAR.AX,FAR Limited,55907837,0.605,Oil & Gas Exploration & Production
ODY.AX,Odyssey Gold Limited,41124369,0.039,Gold
KZR.AX,Kalamazoo Resources Limited,35772960,0.16,Gold
CCA.AX,Change Financial Limited,55236242,0.08,Information Technology Services
POD.AX,Podium Minerals Limited,40841752,0.055,Other Industrial Metals & Mining
COD.AX,Coda Minerals Limited,37071883,0.145,Other Industrial Metals & Mining
IRI.AX,Integrated Research Limited,54177541,0.3,Software - Application
PGO.AX,Pacgold Limited,32436619,0.12,Gold
WCE.AX,West Coast Silver Limited,59246424,0.15,Other Precious Metals & Mining
CKA.AX,Cokal Limited,53947449,0.05,Coking Coal
COB.AX,Cobalt Blue Holdings Limited,52284369,0.089,Other Industrial Metals & Mining
MAM.AX,Microequities Asset Management Group Limited,53643557,0.41,Asset Management
TRJ.AX,Trajan Group Holdings Limited,53407566,0.35,Medical Instruments & Supplies
FGR.AX,First Graphene Limited,52841330,0.06,Chemicals
EV8.AX,Everlast Minerals Ltd,52526004,0.4,Oil & Gas Exploration & Production
ECT.AX,Environmental Clean Technologies Limited,29914938,0.125,Pollution & Treatment Controls
RDM.AX,Red Metal Limited,49860802,0.13,Other Industrial Metals & Mining
SB2.AX,Salter Brothers Emerging Companies Limited,73932365,0.58,Asset Management
GT3.AX,Green360 Technologies LImited,51590370,0.039,Conglomerates
NUZ.AX,Neurizon Therapeutics Limited,53731728,0.072,Biotechnology
CYG.AX,Coventry Group Ltd,44069643,0.37,Industrial Distribution
DOC.AX,Doctor Care Anywhere Group PLC,51334114,0.14,Health Information Services
UBN.AX,Urbanise.com Limited,51294809,0.65,Software - Application
OD6.AX,OD6 Metals Limited,28081900,0.175,Other Industrial Metals & Mining
LKY.AX,Locksley Resources Limited,33870780,0.135,Other Precious Metals & Mining
RHY.AX,Rhythm Biosciences Limited,50426027,0.142,Diagnostics & Research
RHYOA.AX,Rhythm Biosciences Limited,,0.06,In Vitro and In Vivo Diagnostic Substances
SIO.AX,Simonds Group Limited,50386903,0.14,Residential Construction
CTP.AX,Central Petroleum Limited,50435188,0.067,Oil & Gas Exploration & Production
AGR.AX,Aguia Resources Limited,50122204,0.025,Other Industrial Metals & Mining
AGRO.AX,Aguia Resources Limited,,0.008,"Mining and Quarrying Of Nonmetallic Minerals, except Fuels"
CC5.AX,Clever Culture Systems Limited,50073824,0.023,Software - Infrastructure
PTR.AX,PTR Minerals Ltd,49383096,0.125,Other Precious Metals & Mining
EPM.AX,Eclipse Metals Limited,49377000,0.015,Other Industrial Metals & Mining
AW1.AX,American West Metals Limited,34123623,0.04,Other Industrial Metals & Mining
AFA.AX,ASF Group Limited,49128647,0.062,Capital Markets
PXX.AX,PolarX Limited,46325327,0.017,Other Industrial Metals & Mining
CTE.AX,Cryosite Limited,48809563,1,Diagnostics & Research
SNT.AX,Syntara Limited,39005200,0.026,Drug Manufacturers - Specialty & Generic
BRK.AX,Brookside Energy Limited,48664275,0.505,Oil & Gas Exploration & Production
HMD.AX,HeraMED Limited,33240911,0.042,Medical Devices
MVP.AX,Medical Developments International Limited,48443079,0.43,Drug Manufacturers - Specialty & Generic
FRM.AX,Farm Pride Foods Limited,48380640,0.21,Farm Products
ORD.AX,Ordell Minerals Limited,48211526,0.75,Gold
WWG.AX,Wiseway Group Limited,48206918,0.28,Integrated Freight & Logistics
REC.AX,Recharge Metals Limited,7794640,0.028,Other Industrial Metals & Mining
CTO.AX,Citigold Corporation Limited,48000000,0.016,Gold
SHM.AX,Shriro Holdings Limited,59993893,0.75,Specialty Retail
VMT.AX,Vmoto Limited,47877424,0.12,Recreational Vehicles
ABV.AX,Advanced Braking Technology Limited,47756520,0.12,Auto Parts
AVE.AX,Avecho Biotechnology Limited,38571130,0.013,Biotechnology
SIX.AX,Sprintex Limited,47747055,0.068,Auto Parts
SFM.AX,Santa Fe Minerals Limited,21090845,0.29,Gold
DVL.AX,dorsaVi Ltd,47191110,0.039,Scientific & Technical Instruments
AKN.AX,AuKing Mining Limited,22472280,0.024,Other Industrial Metals & Mining
AGC.AX,Australian Gold and Copper Limited,45725163,0.17,Gold
ANO.AX,Advance ZincTek Limited,46984580,0.75,Chemicals
CAV.AX,Carnavale Resources Limited,37929760,0.115,Other Industrial Metals & Mining
MAP.AX,Microba Life Sciences Limited,39574965,0.077,Diagnostics & Research
DSK.AX,Dusk Group Limited,46700899,0.75,Specialty Retail
RCM.AX,Rapid Critical Metals Limited,46645049,0.039,Other Industrial Metals & Mining
RKN.AX,Reckon Limited,46450881,0.41,Software - Application
WTL.AX,WT Financial Group Limited,44484153,0.13,Asset Management
DCC.AX,DigitalX Limited,46143836,0.031,Software - Infrastructure
XRG.AX,xReality Group Limited,45880035,0.061,Leisure
VMC.AX,Venus Metals Corporation Limited,45445700,0.23,Other Industrial Metals & Mining
RFG.AX,Retail Food Group Limited,45194721,0.715,Restaurants
AIM.AX,Ai-Media Technologies Limited,45048520,0.215,Entertainment
IIQ.AX,INOVIQ Ltd,37375271,0.32,Diagnostics & Research
NXN.AX,Nexsen Limited,,0.225,Commercial Physical and Biological Research
WCN.AX,White Cliff Minerals Limited,43744406,0.017,Gold
WAG.AX,The Australian Wealth Advisors Group Limited,44639000,0.6,Asset Management
AVM.AX,Advance Metals Limited,24824455,0.093,Coking Coal
NGE.AX,NGE Capital Limited,44917573,1.31,Asset Management
G11.AX,G11 Resources Limited,44219618,0.305,Other Industrial Metals & Mining
PNN.AX,Power Minerals Limited,21798161,0.125,Other Industrial Metals & Mining
KPO.AX,Kalina Power Limited,43995300,0.015,Utilities - Diversified
ANX.AX,Anax Metals Limited,36370290,0.033,Other Industrial Metals & Mining
ATP.AX,Atlas Pearls Limited,46099471,0.105,Luxury Goods
AQN.AX,Aquirian Limited,43450980,0.41,Rental & Leasing Services
IMA.AX,Image Resources NL,43179477,0.039,Other Industrial Metals & Mining
GTN.AX,GTN Limited,42899804,0.225,Advertising Agencies
WAU.AX,WA Gold Limited,42877524,0.034,Other Industrial Metals & Mining
FGH.AX,Foresta Group Holding Limited,37155022,0.013,Specialty Chemicals
KAT.AX,Katana Capital Limited,42745860,1.35,Asset Management
WGR.AX,Western Gold Resources Limited,42637076,0.145,Gold
MDX.AX,Mindax Limited,42537928,0.018,Gold
VRX.AX,VRX Silica Limited,42067346,0.054,Other Industrial Metals & Mining
JLL.AX,Jindalee Lithium Limited,42163744,0.41,Other Industrial Metals & Mining
ZNC.AX,Zenith Minerals Limited,42000700,0.07,Other Industrial Metals & Mining
TPC.AX,TPC Consolidated Limited,41968571,3.7,Utilities - Diversified
SEN.AX,Senetas Corporation Limited,41940794,2.53,Software - Infrastructure
TDO.AX,3D Energi Limited,26677884,0.08,Oil & Gas Exploration & Production
VTX.AX,Vertex Minerals Limited,34985938,0.145,Gold
VTXOA.AX,Vertex Minerals Limited,,0.003,Gold And Silver Ores
GA8.AX,GoldArc Resources Limited,41221390,0.072,Gold
SKM.AX,Skylark Minerals Limited,41158836,0.315,Other Industrial Metals & Mining
BTM.AX,Breakthrough Minerals Limited,16706722,0.245,Other Industrial Metals & Mining
MRR.AX,MinRex Resources Limited,19748325,0.019,Other Industrial Metals & Mining
ODE.AX,Odessa Minerals Limited,40567820,0.023,Other Precious Metals & Mining
MRZ.AX,Mont Royal Resources Limited,19599300,0.21,Other Industrial Metals & Mining
GUM.AX,Gumtree Australia Markets Limited,40156065,0.125,Internet Content & Information
COS.AX,COSOL Limited,40037535,0.22,Information Technology Services
TVL.AX,Touch Ventures Limited,42502662,0.06,Asset Management
ILT.AX,Iltani Resources Limited,42373724,0.505,Other Precious Metals & Mining
IMU.AX,Imugene Limited,39504325,0.095,Biotechnology
HHR.AX,Hartshead Resources NL,39321550,0.014,Oil & Gas Exploration & Production
AAU.AX,Antilles Gold Limited,36066771,0.011,Gold
LKO.AX,Lakes Blue Energy NL,38181459,0.52,Oil & Gas Exploration & Production
KLI.AX,Killi Resources Limited,32331047,0.235,Other Industrial Metals & Mining
GR8.AX,Great Dirt Resources Ltd,39158796,0.8,Other Industrial Metals & Mining
PL9.AX,Prairie Lithium Limited,33481887,0.006,Other Industrial Metals & Mining
TMK.AX,TMK Energy Limited,31647990,0.145,Oil & Gas Exploration & Production
CNQ.AX,Clean TeQ Water Limited,32548163,0.44,Utilities - Regulated Water
PPL.AX,Pureprofile Ltd,38512550,0.032,Advertising Agencies
CCG.AX,Comms Group Limited,38273340,0.07,Information Technology Services
QML.AX,QMines Limited,38208661,0.059,Copper
HIT.AX,HiTech Group Australia Limited,38070000,0.9,Staffing & Employment Services
LMS.AX,Litchfield Minerals Limited,29730184,0.575,Other Precious Metals & Mining
CST.AX,Castile Resources Limited,29600153,0.098,Other Industrial Metals & Mining
M79.AX,Mammoth Minerals Limited,35211516,0.063,Other Precious Metals & Mining
TCO.AX,Transmetro Corporation Limited,28772973,2.78,Lodging
MRD.AX,Mount Ridley Mines Limited,25655210,0.028,Other Industrial Metals & Mining
WZR.AX,Wisr Limited,31056648,0.021,Credit Services
ADN.AX,Andromeda Metals Limited,28567568,0.008,Other Industrial Metals & Mining
ADNOD.AX,Andromeda Metals Limited,,0.003,Metal Mining
CPN.AX,Caspin Resources Limited,20011370,0.115,Other Industrial Metals & Mining
BLG.AX,BluGlass Limited,30417817,0.235,Semiconductor Equipment & Materials
FEG.AX,Far East Gold Limited,36702745,0.1,Other Precious Metals & Mining
GGR.AX,Golden Globe Resources Ltd,22676507,0.26,Other Precious Metals & Mining
FRB.AX,Firebird Metals Limited,26978338,0.197,Other Industrial Metals & Mining
HVY.AX,Heavy Minerals Limited,35891796,0.5,Other Industrial Metals & Mining
MBH.AX,Maggie Beer Holdings Limited,29149758,0.08,Packaged Foods
GWR.AX,GWR Group Limited,35803240,0.11,Steel
ALM.AX,Alma Metals Limited,28059636,0.016,Copper
ADO.AX,AnteoTech Limited,35677663,0.012,Specialty Chemicals
JAL.AX,Jameson Resources Limited,35613886,0.045,Coking Coal
EYE.AX,Nova Eye Medical Limited,35608500,0.125,Medical Devices
STP.AX,Step One Clothing Limited,36141357,0.195,Apparel Retail
FUN.AX,Fortuna Metals Limited,36843592,0.125,Other Industrial Metals & Mining
IOV.AX,Ion Video Ltd,35389195,0.35,Software - Application
EGG.AX,Enero Group Limited,35386697,0.39,Advertising Agencies
LEL.AX,Lithium Energy Limited,41440581,0.37,Other Industrial Metals & Mining
TR2.AX,Tali Resources Ltd,35837500,0.3,Other Precious Metals & Mining
ABY.AX,Adore Beauty Group Limited,35234223,0.375,Specialty Retail
KRR.AX,King River Resources Limited,35126089,0.024,Other Industrial Metals & Mining
BNL.AX,Blue Star Helium Limited,35055159,0.006,Oil & Gas Exploration & Production
TEK.AX,Thorney Technologies Ltd,35004786,0.095,Asset Management
ARI.AX,Arika Resources Limited,34884797,0.03,Gold
GCM.AX,Green Critical Minerals Limited,34771517,0.012,Utilities - Renewable
DES.AX,DeSoto Resources Limited,23876939,0.13,Other Industrial Metals & Mining
EPY.AX,Earlypay Limited,34500774,0.14,Credit Services
BSR.AX,Bison Resources Limited,31040882,0.52,Metals & Mining
PR1.AX,Pure Resources Limited,28098131,0.595,Other Industrial Metals & Mining
NXM.AX,Nexus Minerals Limited,33810538,0.056,Gold
AEV.AX,Avenira Limited,34069152,0.008,Other Industrial Metals & Mining
CDO.AX,Cadence Opportunities Fund Limited,34074387,2.15,Asset Management
DGH.AX,Desane Group Holdings Limited,34773492,0.85,Real Estate Services
MX1.AX,Micro-X Limited,33542694,0.046,Medical Devices
CLA.AX,Celsius Resources Limited,33499860,0.009,Other Industrial Metals & Mining
VML.AX,Vital Metals Limited,17009865,0.135,Other Industrial Metals & Mining
MCA.AX,Murray Cod Australia Limited,27603770,0.175,Farm Products
ASH.AX,Ashley Services Group Limited,33429578,0.225,Staffing & Employment Services
FRX.AX,FlexiRoam Limited,30334360,0.02,Telecom Services
RVT.AX,Richmond Vanadium Technology Limited,33047265,0.15,Other Industrial Metals & Mining
S2R.AX,S2 Resources Ltd,32958332,0.062,Other Industrial Metals & Mining
NSB.AX,NeuroScientific Biopharmaceuticals Limited,32924995,0.099,Biotechnology
HAW.AX,Hawthorn Resources Limited,32831530,0.098,Gold
LIB.AX,Liberty Metals Ltd,32804875,0.004,Other Industrial Metals & Mining
AMS.AX,Atomos Limited,25399111,0.021,Consumer Electronics
FAU.AX,First Au Limited,24904105,0.009,Gold
DUB.AX,Dubber Corporation Limited,32527920,0.012,Software - Application
NVO.AX,Novo Resources Corp.,31025850,0.075,Gold
TRI.AX,TrivarX Limited,32303417,0.028,Health Information Services
RGL.AX,Riversgold Limited,29884889,0.013,Gold
AUR.AX,Auris Minerals Limited,15738608,0.025,Other Industrial Metals & Mining
ATC.AX,Altech Batteries Limited,29359619,0.011,Specialty Chemicals
TIP.AX,Teaminvest Private Group Limited,32094863,1.19,Asset Management
EVG.AX,Evion Group NL,27732000,0.048,Other Industrial Metals & Mining
NMT.AX,Neometals Ltd,32009929,0.038,Waste Management
AMN.AX,Agrimin Limited,31949144,0.083,Other Industrial Metals & Mining
NC6.AX,Nanollose Limited,27375159,0.078,Textile Manufacturing
DTZ.AX,Dotz Nano Limited,31882558,0.046,Specialty Chemicals
CG1.AX,Carbonxt Group Limited,31633090,0.073,Specialty Chemicals
PAT.AX,Patriot Resources Limited,19428816,0.115,Other Industrial Metals & Mining
CSX.AX,CleanSpace Holdings Limited,32873452,0.4,Medical Devices
GW1.AX,Greenwing Resources Ltd,16407048,0.061,Other Industrial Metals & Mining
EMD.AX,Emyria Limited,22337689,0.039,Health Information Services
KM1.AX,Kali Metals Limited,24521018,0.157,Other Industrial Metals & Mining
OEC.AX,Orbital Corporation Limited,27184434,0.175,Aerospace & Defense
RAP.AX,Raptor Metals Limited,,0.049,Medical - Healthcare Information Services
HMX.AX,Hammer Metals Limited,31246555,0.035,Other Precious Metals & Mining
JAN.AX,Janison Education Group Limited,31426590,0.12,Software - Application
SWP.AX,Swoop Holdings Limited,26986868,0.12,Telecom Services
VSR.AX,Voltaic Strategic Resources Limited,30782700,0.054,Oil & Gas Exploration & Production
VIG.AX,Victor Group Holdings Limited,25629554,0.041,Software - Application
CPV.AX,ClearVue Technologies Limited,24992500,0.1,Solar
PSL.AX,Paterson Resources Ltd,30168985,0.055,Other Industrial Metals & Mining
AR3.AX,Australian Rare Earths Limited,27005850,0.125,Other Industrial Metals & Mining
RLF.AX,RLF AgTech Ltd,18127800,0.054,Agricultural Inputs
88E.AX,88 Energy Limited,30611850,0.023,Oil & Gas Exploration & Production
BDX.AX,BCAL Diagnostics Limited,30600689,0.083,Diagnostics & Research
ZAG.AX,Zuleika Gold Limited,30587038,0.033,Gold
BMT.AX,Beamtree Holdings Limited,30523080,0.105,Health Information Services
RIM.AX,Rimfire Pacific Mining Limited,27732897,0.01,Other Precious Metals & Mining
KME.AX,Kip McGrath Education Centres Limited,30340995,0.55,Education & Training Services
DYM.AX,Dynamic Metals Limited,30436623,0.58,Other Industrial Metals & Mining
EMC.AX,Everest Metals Corporation Ltd,24196095,0.11,Other Industrial Metals & Mining
LGP.AX,Little Green Pharma Ltd,29668023,0.097,Drug Manufacturers - Specialty & Generic
14D.AX,1414 Degrees Limited,18357968,0.059,Utilities - Independent Power Producers
BKT.AX,Black Rock Mining Limited,30068080,0.014,Other Industrial Metals & Mining
YUG.AX,Yugo Metals Limited,30008349,0.084,Other Industrial Metals & Mining
BPM.AX,BPM Minerals Limited,19171460,0.22,Other Precious Metals & Mining
PPK.AX,PPK Group Limited,29968124,0.33,Electrical Equipment & Parts
EZZ.AX,EZZ Life Science Holdings Limited,29637216,0.63,Biotechnology
ATCO.AX,Altech Batteries Limited,,0.002,"Miscellaneous Electrical Machinery, Equipment, and Supplies"
NTD.AX,NTAW Holdings Limited,29348832,0.175,Auto Parts
DGR.AX,DGR Global Limited,29223487,0.028,Other Industrial Metals & Mining
BMR.AX,Ballymore Resources Limited,29421198,0.14,Other Precious Metals & Mining
NXD.AX,NextEd Group Limited,29069264,0.13,Education & Training Services
AR9.AX,archTIS Limited,21666346,0.06,Software - Infrastructure
RTH.AX,RAS Technology Holdings Limited,28970969,0.605,Software - Infrastructure
VRC.AX,Volt Resources Limited,28853330,0.005,Other Industrial Metals & Mining
PUR.AX,Pursuit Minerals Limited,10213830,0.11,Other Industrial Metals & Mining
NC1.AX,NICO Resources Limited,28726805,0.21,Other Industrial Metals & Mining
LML.AX,Lincoln Minerals Limited,28659730,0.011,Other Industrial Metals & Mining
VRS.AX,Veris Limited,28666683,0.053,Engineering & Construction
RKT.AX,RocketDNA Ltd.,29832697,0.025,Computer Hardware
TG6.AX,TG Metals Limited,27721972,0.23,Other Precious Metals & Mining
MAY.AX,Melbana Energy Limited,28364766,0.007,Oil & Gas Exploration & Production
AXN.AX,Alliance Nickel Limited,28216396,0.034,Other Industrial Metals & Mining
PCK.AX,PainChek Limited,28215945,0.135,Health Information Services
MNB.AX,Minbos Resources Limited,22205011,0.024,Agricultural Inputs
HMG.AX,Hamelin Gold Limited,25779464,0.13,Gold
A3D.AX,Aurora Labs Limited,18416164,0.052,Specialty Industrial Machinery
NOU.AX,Noumi Limited,29096478,0.105,Packaged Foods
CVB.AX,CurveBeam AI Limited,26275386,0.058,Medical Devices
S66.AX,Star Combo Pharma Limited,27675615,0.205,Household & Personal Products
PWN.AX,Parkway Corporate Limited,27689106,0.01,Pollution & Treatment Controls
GEN.AX,Genmin Limited,9364000,0.008,Other Industrial Metals & Mining
JPR.AX,Jupiter Energy Limited,28194148,0.022,Oil & Gas Exploration & Production
M4M.AX,Macro Metals Limited,27453780,0.006,Steel
EVR.AX,EV Resources Limited,22779411,0.009,Other Industrial Metals & Mining
LDR.AX,Lode Resources Ltd,22874093,0.135,Other Precious Metals & Mining
ION.AX,Iondrive Limited,27218940,0.021,Gold
C1X.AX,Cosmos Exploration Limited,22777986,0.21,Other Precious Metals & Mining
HYT.AX,Hyterra Ltd,27083326,0.016,Oil & Gas Exploration & Production
LCE.AX,London City Equities Limited,26980955,0.85,Asset Management
PL3.AX,Patagonia Lithium Limited,15523347,0.13,Other Industrial Metals & Mining
QFE.AX,QuickFee Limited,26835970,0.07,Software - Infrastructure
ZNO.AX,Zoono Group Limited,27622400,0.068,Household & Personal Products
LAT.AX,Latitude 66 Limited,26808398,0.147,Gold
CBL.AX,Control Bionics Limited,19483593,0.064,Medical Devices
VKA.AX,Viking Mines Limited,15778010,0.011,Gold
AMX.AX,Aerometrex Limited,26122426,0.275,Software - Application
SPN.AX,Sparc Technologies Limited,26821490,0.225,Specialty Chemicals
BWF.AX,BlackWall Limited,26550022,0.155,Asset Management
IPT.AX,Impact Minerals Limited,26749268,0.052,Other Industrial Metals & Mining
RWL.AX,Rubicon Water Limited,26484945,0.11,Utilities - Regulated Water
G1C.AX,Group One Capital Limited,26451364,0.075,Real Estate - Diversified
ATS.AX,Australis Oil & Gas Limited,26423110,0.019,Oil & Gas Exploration & Production
HTM.AX,High-Tech Metals Limited,14566353,0.25,Other Industrial Metals & Mining
1AI.AX,Algorae Pharmaceuticals Limited,22268199,0.013,Biotechnology
BBC.AX,BNK Banking Corporation Limited,26131607,0.22,Banks - Regional
ECL.AX,Excelsior Capital Limited,26095022,0.9,Electrical Equipment & Parts
VPR.AX,Volt Group Limited,17003177,0.16,Utilities - Renewable
OZM.AX,OzAurum Resources Limited,18899085,0.091,Gold
JNS.AX,Janus Electric Holdings Limited,25962200,0.22,Utilities - Renewable
CIW.AX,Clime Investment Management Limited,25960450,0.315,Asset Management
ADX.AX,ADX Energy Ltd,16789483,0.028,Oil & Gas Exploration & Production
CMD.AX,Cassius Mining Limited,25832509,0.035,Other Industrial Metals & Mining
HCT.AX,Holista Colltech Limited,20391081,0.07,Packaged Foods
GAL.AX,Galileo Mining Ltd,25691241,0.13,Other Industrial Metals & Mining
PRX.AX,Prodigy Gold NL,25619096,0.076,Gold
MRC.AX,Mineral Commodities Ltd,25596288,0.026,Other Industrial Metals & Mining
CRR.AX,Critical Resources Limited,25552684,0.008,Other Industrial Metals & Mining
UM1.AX,Unity Metals Limited,25475822,0.13,Gold
3DP.AX,Pointerra Limited,25378981,0.031,Software - Application
AUQ.AX,Alara Resources Limited,25297258,0.031,Other Industrial Metals & Mining
VIT.AX,Vitura Health Limited,24521448,0.037,Drug Manufacturers - Specialty & Generic
G6M.AX,Group 6 Metals Limited,6188409,0.025,Other Industrial Metals & Mining
CQT.AX,CONNEQT Health Limited,25097822,0.036,Medical Devices
ERL.AX,Empire Resources Limited,17806920,0.012,Other Precious Metals & Mining
LGM.AX,Legacy Minerals Holdings Limited,20761738,0.125,Other Industrial Metals & Mining
OVT.AX,Ovanti Limited,6465078,0.025,Software - Infrastructure
SNG.AX,Siren Gold Limited,19960072,0.083,Gold
SNS.AX,SenSen Networks Limited,24897970,0.03,Software - Infrastructure
STH.AX,StepChange Holdings Limited,23144596,0.14,Software - Application
HCL.AX,HighCom Limited,24789654,0.175,Aerospace & Defense
PIQ.AX,Proteomics International Laboratories Ltd,24777600,0.15,Biotechnology
ACS.AX,Accent Resources NL,24476864,0.05,Other Industrial Metals & Mining
BSA.AX,BSA Limited,24472585,0.325,Engineering & Construction
DEM.AX,De.mem Limited,24191488,0.074,Pollution & Treatment Controls
GRV.AX,Greenvale Energy Ltd,24302159,0.041,Oil & Gas Exploration & Production
PKY.AX,Pathkey.AI Ltd,14184160,0.04,Health Information Services
CVR.AX,Cavalier Resources Ltd,15500500,0.29,Gold
MVL.AX,Marvel Gold Limited,24177230,0.017,Gold
BDM.AX,Burgundy Diamond Mines Limited,24168934,0.017,Other Precious Metals & Mining
FBR.AX,FBR Limited,20895600,0.003,Real Estate Services
CCE.AX,Carnegie Clean Energy Limited,24055922,0.059,Utilities - Renewable
OEL.AX,Otto Energy Limited,23975049,0.005,Oil & Gas Exploration & Production
DAL.AX,Dalaroo Metals Ltd,24104713,0.073,Other Industrial Metals & Mining
MFD.AX,Mayfield Childcare Limited,23758752,0.315,Personal Services
ZGL.AX,Zicom Group Limited,23713800,0.11,Specialty Industrial Machinery
KNB.AX,Koonenberry Gold Limited,23631580,0.023,Gold
ORP.AX,Orpheus Uranium Limited,18439978,0.067,Other Industrial Metals & Mining
GMN.AX,Gold Mountain Limited,13669563,0.11,Gold
GMNOC.AX,Gold Mountain Limited,,0.023,Gold And Silver Ores
GSN.AX,Great Southern Mining Limited,20434482,0.02,Other Precious Metals & Mining
LEG.AX,Legend Mining Limited,23315817,0.008,Other Industrial Metals & Mining
AHK.AX,Ark Mines Limited,23871619,0.33,Gold
JAV.AX,Javelin Minerals Limited,693507995,0.089,Other Industrial Metals & Mining
GDM.AX,Great Divide Mining Ltd,23785644,0.34,Gold
MNE.AX,Macallum New Energy Limited,15629436,0.18,Other
MDI.AX,Middle Island Resources Limited,6592784,0.022,Gold
ABX.AX,ABx Group Limited,17019000,0.061,Aluminum
GAP.AX,Gale Pacific Limited,22771011,0.08,Textile Manufacturing
WMG.AX,Western Mines Group Ltd,19053913,0.195,Gold
ATV.AX,ActivePort Group Ltd,15061880,0.02,Information Technology Services
4DS.AX,4DS Memory Limited,22669886,0.011,Semiconductors
PVL.AX,Powerhouse Ventures Limited,22603724,0.137,Asset Management
GTI.AX,Gratifii Limited,22594344,0.054,Software - Application
RMY.AX,RMA Global Limited,22587276,0.034,Internet Content & Information
TAL.AX,Talius Group Limited,22495435,0.066,Software - Infrastructure
SPG.AX,SPC Global Holdings Ltd,22250416,0.115,Packaged Foods
KRM.AX,Kingsrose Mining Limited,21852269,0.029,Other Industrial Metals & Mining
P1E.AX,Pure One Corporation Limited,22206263,0.057,Oil & Gas Exploration & Production
LSR.AX,Lodestar Minerals Limited,7594756,0.019,Gold
ASP.AX,Aspermont Limited,22124903,1.9,Publishing
AAP.AX,Australian Agricultural Projects Ltd,22116223,0.06,Farm Products
FLX.AX,Felix Group Holdings Ltd,17121636,0.074,Software - Application
AJX.AX,Alexium International Group Limited,11981617,0.007,Specialty Chemicals
GUL.AX,Gullewa Limited,21802217,0.1,Gold
DEL.AX,Delorean Corporation Limited,22021034,0.09,Utilities - Renewable
BTE.AX,Botala Energy Limited,18534629,0.055,Utilities - Renewable
WIN.AX,WIN Metals Ltd,16484383,0.025,Other Industrial Metals & Mining
GRE.AX,GreenTech Metals Limited,9303242,0.078,Other Industrial Metals & Mining
MOV.AX,MOVE Logistics Group Limited,19142103,0.15,Integrated Freight & Logistics
VHL.AX,Vitasora Health Limited,21335899,0.011,Health Information Services
USC.AX,US1 Critical Minerals Limited,20240900,0.021,Other Industrial Metals & Mining
ICE.AX,icetana Limited,21886070,0.04,Software - Application
CML.AX,Connected Minerals Limited,20981956,0.36,Other Industrial Metals & Mining
TAS.AX,Tasman Resources Ltd,11929133,0.047,Other Industrial Metals & Mining
NIM.AX,Nimy Resources Limited,15336806,0.058,Other Industrial Metals & Mining
PAB.AX,Patrys Limited,10562588,0.031,Biotechnology
NHE.AX,Noble Helium Limited,16786700,0.028,Specialty Chemicals
LIT.AX,Livium Ltd,14531133,0.01,Waste Management
AZI.AX,Altamin Limited,286723,0.026,Other Industrial Metals & Mining
RHT.AX,Resonance Health Limited,20516160,0.043,Health Information Services
XF1.AX,Xref Limited,17827271,0.081,Software - Application
XRA.AX,Xenora Minerals Limited,20097121,0.33,Other Industrial Metals & Mining
5GN.AX,5G Networks Limited,19717574,0.073,Information Technology Services
IME.AX,ImExHS Limited,20006159,0.37,Diagnostics & Research
ACP.AX,Audalia Resources Limited,20331264,0.024,Other Industrial Metals & Mining
AT1.AX,Atomo Diagnostics Limited,19823848,0.022,Medical Devices
AVG.AX,Australian Vintage Ltd,19108850,0.058,Beverages - Wineries & Distilleries
PKP.AX,Peak Processing Limited,17030770,0.017,Drug Manufacturers - Specialty & Generic
EQX.AX,Equatorial Resources Limited,19716803,0.15,Steel
SGA.AX,Sarytogan Graphite Limited,14709757,0.074,Other Industrial Metals & Mining
ASV.AX,Asset Vision Co Limited,19528901,0.026,Information Technology Services
HIO.AX,Hawsons Iron Limited,18994757,0.015,Other Industrial Metals & Mining
BAS.AX,Bass Oil Limited,16061049,0.053,Oil & Gas Exploration & Production
WEC.AX,White Energy Company Limited,13851200,0.044,Thermal Coal
REE.AX,RareX Limited,16495680,0.016,Other Industrial Metals & Mining
HWK.AX,Hawk Resources Limited,9848036,0.039,Other Industrial Metals & Mining
IDA.AX,Indiana Resources Limited,19326960,0.03,Other Precious Metals & Mining
SMM.AX,Somerset Minerals Limited,18103193,0.015,Other Industrial Metals & Mining
MGU.AX,Magnum Mining and Exploration Limited,19278223,0.006,Other Industrial Metals & Mining
SVG.AX,Savannah Goldfields Limited,19274193,0.009,Gold
AGN.AX,Argenica Therapeutics Limited,18626223,0.145,Biotechnology
FME.AX,Future Metals NL,19168016,0.02,Other Precious Metals & Mining
MPX.AX,Mustera Property Group Limited,20556918,0.14,Real Estate - Development
FIN.AX,Fin Resources Limited,8147386,0.013,Other Industrial Metals & Mining
DME.AX,Dome Gold Mines Ltd,18894949,0.045,Other Industrial Metals & Mining
MCP.AX,McPherson's Limited,19433134,0.135,Household & Personal Products
ARV.AX,Artemis Resources Limited,18854611,0.005,Other Industrial Metals & Mining
NUC.AX,Nuchev Limited,18818252,0.12,Packaged Foods
SOR.AX,Strategic Elements Ltd,18811611,0.039,Asset Management
TSL.AX,Titanium Sands Limited,18757978,0.008,Other Industrial Metals & Mining
SRJ.AX,SRJ Technologies Group Plc,6551249,0.01,Oil & Gas Equipment & Services
IAM.AX,Income Asset Management Group Limited,18617416,0.02,Asset Management
LPM.AX,Lithium Plus Minerals Ltd,15385200,0.12,Other Industrial Metals & Mining
CCX.AX,City Chic Collective Limited,18872732,0.049,Apparel Retail
NOX.AX,Noxopharm Limited,18434277,0.06,Biotechnology
SKN.AX,Skin Elements Limited,7243260,0.006,Household & Personal Products
ACU.AX,Acumentis Group Limited,18393791,0.082,Real Estate Services
PVT.AX,Pivotal Metals Limited,14515614,0.016,Other Industrial Metals & Mining
CR9.AX,Corella Resources Ltd,18290057,0.011,Other Industrial Metals & Mining
EME.AX,Energy Metals Limited,18242448,0.087,Uranium
IR1.AX,IRIS Metals Limited,18234321,0.064,Gold
GSS.AX,Genetic Signatures Limited,17489690,0.077,Diagnostics & Research
EPX.AX,EPX Limited,141491130,0.22,Software - Infrastructure
RRR.AX,Revolver Resources Holdings Ltd,18133396,0.059,Copper
SDV.AX,SciDev Limited,18058415,0.095,Specialty Chemicals
SSH.AX,SSH Group Limited,13398083,0.165,Specialty Business Services
FZR.AX,Fitzroy River Corporation Limited,17812451,0.165,Oil & Gas Exploration & Production
LM1.AX,Leeuwin Metals Ltd,13678595,0.137,Other Industrial Metals & Mining
SEQ.AX,Sequoia Financial Group Limited,17773413,0.145,Financial Conglomerates
EMB.AX,Embelton Limited,17435485,8.08,Building Products & Equipment
WAK.AX,WA Kaolin Limited,17454450,0.025,Other Industrial Metals & Mining
FUL.AX,Fulcrum Lithium Ltd,17433000,0.13,Other Industrial Metals & Mining
IS3.AX,I Synergy Group Limited,3179163,0.01,Advertising Agencies
RC1.AX,Redcastle Resources Limited,108822065,0.145,Gold
AQX.AX,Alice Queen Limited,12055760,0.008,Other Industrial Metals & Mining
TIA.AX,Tian An Australia Limited,17321766,0.2,Real Estate - Development
I88.AX,Infini Resources Limited,18936266,0.16,Other Industrial Metals & Mining
APL.AX,Associate Global Partners Limited,17262720,0.3,Asset Management
HOR.AX,Horseshoe Metals Limited,17227207,0.023,Other Industrial Metals & Mining
RMXO.AX,Red Mountain Mining Limited,,0.006,
IDT.AX,IDT Australia Limited,17097023,0.04,Drug Manufacturers - Specialty & Generic
TNY.AX,Tinybeans Group Limited,14117882,0.093,Internet Content & Information
CC9.AX,Chariot Resources Ltd,18151346,0.076,Other Industrial Metals & Mining
ADD.AX,Adavale Resources Limited,10039750,0.05,Uranium
GNM.AX,Great Northern Minerals Limited,5332487,0.033,Gold
HPR.AX,High Peak Royalties Limited,12513583,0.06,Oil & Gas Exploration & Production
TRM.AX,Truscott Mining Corporation Limited,16667708,0.078,Gold
BAK.AX,Barkly Rare Earths Limited,16250000,0.205,Other Industrial Metals & Mining
BAKO.AX,Barkly Rare Earths Limited,,0.048,Metal Mining
IRD.AX,Iron Road Limited,16643856,0.02,Steel
BLU.AX,Blue Energy Limited,16565855,0.005,Oil & Gas Exploration & Production
MHC.AX,Manhattan Gold Corporation Limited,14048764,0.025,Gold
OLL.AX,OpenLearning Limited,9123083,0.021,Software - Application
NSX:DNK.AX,Danakali Limited,,0.045,Metal Mining
IPD.AX,ImpediMed Limited,16309981,0.008,Medical Devices
JAT.AX,Jatcorp Limited,12091401,0.145,Packaged Foods
BUX.AX,Buxton Resources Limited,11928229,0.038,Other Industrial Metals & Mining
LPE.AX,Locality Planning Energy Holdings Limited,16253575,0.089,Utilities - Regulated Electric
ICR.AX,Intelicare Holdings Limited,12290889,0.026,Health Information Services
RMX.AX,Red Mountain Mining Limited,7994153,0.015,Gold
TAR.AX,Taruga Minerals Limited,16122770,0.018,Other Precious Metals & Mining
EAX.AX,Energy Action Limited,16105915,0.4,Specialty Business Services
MLS.AX,Metals Australia Ltd,16097830,0.022,Other Industrial Metals & Mining
CXZ.AX,Connexion Mobility Ltd,18535271,0.023,Software - Application
CHL.AX,Camplify Holdings Limited,13902371,0.195,Internet Content & Information
AHF.AX,Australian Dairy Nutritionals Limited,16011056,0.021,Packaged Foods
ML8.AX,Moonlight Resources Limited,15994083,0.165,Gold
SPQ.AX,Superior Resources Limited,15844020,0.006,Other Industrial Metals & Mining
XST.AX,Xstate Resources Limited,4830057,0.033,Oil & Gas Exploration & Production
TLM.AX,Talisman Mining Limited,15818909,0.085,Other Precious Metals & Mining
ADY.AX,Admiralty Resources NL,15776877,0.006,Other Industrial Metals & Mining
MEX.AX,Minerals Exploration Limited,16316473,0.085,Gold
SCN.AX,Scorpion Minerals Limited,15727599,0.029,Other Precious Metals & Mining
AVA.AX,AVA Risk Group Limited,15719346,0.056,Security & Protection Services
KAM.AX,K2 Asset Management Holdings Ltd,15670538,0.065,Asset Management
BRX.AX,Belararox Limited,9497275,0.059,Other Precious Metals & Mining
VMSO.AX,Venari Minerals NL,,0.002,"Mining and Quarrying Of Nonmetallic Minerals, except Fuels"
SIS.AX,Simble Solutions Limited,8948310,0.007,Software - Application
BHL.AX,Black Horse Mining Limited,15515764,0.24,Gold
BM8.AX,Battery Age Minerals Ltd,10453240,0.07,Other Industrial Metals & Mining
RNV.AX,ReNerve Limited,,0.0885,
FL1.AX,First Lithium Limited,15214305,0.14,Other Industrial Metals & Mining
MXO.AX,Motio Limited,15197856,0.048,Advertising Agencies
VMS.AX,Venari Minerals NL,147954291,0.14,Other Industrial Metals & Mining
MAG.AX,Magmatic Resources Limited,14062468,0.028,Gold
BRU.AX,Buru Energy Limited,10787400,0.013,Oil & Gas Exploration & Production
TMX.AX,Terrain Minerals Limited,15011227,0.004,Gold
CBY.AX,Canterbury Resources Limited,10322455,0.055,Other Precious Metals & Mining
MGA.AX,MetalsGrove Mining Limited,10546318,0.099,Other Industrial Metals & Mining
TGH.AX,Terragen Holdings Limited,8446926,0.018,Agricultural Inputs
ECP.AX,ECP Emerging Growth Limited,14709413,0.795,Asset Management
FG1.AX,Flynn Gold Limited,9061368,0.024,Gold
FG1OA.AX,Flynn Gold Limited,,0.003,Gold And Silver Ores
FMR.AX,FMR Resources Limited,14604332,0.29,Internet Content & Information
KAL.AX,Kalgoorlie Gold Mining Limited,14587846,0.032,Gold
AKG.AX,Academies Australasia Group Limited,14587591,0.11,Education & Training Services
LU7.AX,Lithium Universe Limited,14544990,0.009,Other Industrial Metals & Mining
BOA.AX,BOA Resources Limited,6048600,0.051,Other Industrial Metals & Mining
NTI.AX,Neurotech International Limited,12123578,0.012,Biotechnology
GRL.AX,Godolphin Resources Limited,6737155,0.017,Other Precious Metals & Mining
EGA.AX,Eastern Gas Corporation Limited,,0.16,Other
AFL.AX,AF Legal Group Limited,14374013,0.155,Personal Services
RRE.AX,Right Resources Limited,13409119,0.125,Gold
GT1.AX,Green Technology Metals Limited,12141675,0.022,Other Industrial Metals & Mining
AKA.AX,Aureka Limited,14394930,0.091,Gold
MEM.AX,Memphasys Limited,14236150,0.005,Medical Devices
PGM.AX,Platina Resources Limited,14188460,0.022,Other Precious Metals & Mining
MGL.AX,Magontec Limited,14194026,0.245,Other Industrial Metals & Mining
AHN.AX,Athena Resources Limited,13595742,0.006,Other Industrial Metals & Mining
DKM.AX,Duketon Mining Limited,14094392,0.115,Other Industrial Metals & Mining
AU1.AX,The Agency Group Australia Limited,14066429,0.032,Real Estate Services
EXT.AX,Excite Technology Services Limited,13533782,0.006,Software - Infrastructure
TYX.AX,Tyranna Resources Limited,13994997,0.004,Gold
SUH.AX,Southern Hemisphere Mining Limited,13988561,0.019,Other Industrial Metals & Mining
MDR.AX,Media Corporation Australia Ltd,14003474,0.022,Health Information Services
FRE.AX,Firebrick Pharma Limited,11480480,0.048,Drug Manufacturers - General
REZ.AX,Resources & Energy Group Limited,11410655,0.015,Gold
NAG.AX,Nagambie Resources Limited,10948542,0.011,Gold
PGD.AX,Peregrine Gold Limited,11163425,0.14,Gold
OSL.AX,OncoSil Medical Limited,8451071,0.45,Medical Devices
RDN.AX,Raiden Resources Limited,13803566,0.004,Other Precious Metals & Mining
MAN.AX,Mandrake Resources Limited,13799718,0.022,Other Industrial Metals & Mining
HFR.AX,Highfield Resources Limited,13274157,0.028,Agricultural Inputs
MEG.AX,Megado Minerals Limited,13692977,0.019,Other Industrial Metals & Mining
NES.AX,Nelson Resources Limited,8278290,0.004,Gold
XPD.AX,Xpedra Resources Limited,10492853,0.02,Other Precious Metals & Mining
RIL.AX,Redivium Limited,13609440,0.004,Other Industrial Metals & Mining
CAZ.AX,Cazaly Resources Limited,10987736,0.023,Other Industrial Metals & Mining
MBK.AX,Metal Bank Limited,7959344,0.016,Gold
1MC.AX,Morella Corporation Limited,13457532,0.033,Other Industrial Metals & Mining
ADR.AX,Adherium Limited,3853700,0.002,Medical Devices
AM3.AX,Amara Minerals Limited,,0.005,Other
HTG.AX,Harvest Technology Group Limited,13265499,0.013,Software - Application
SMS.AX,Star Minerals Limited,11124532,0.053,Gold
SP8.AX,StreamPlay Studio Limited,13202107,0.01,Electronic Gaming & Multimedia
RAG.AX,Ragnar Metals Limited,12700714,0.026,Other Industrial Metals & Mining
NVQ.AX,NoviqTech Limited,10823730,0.038,Software - Application
1AE.AX,Aurora Energy Metals Limited,13071653,0.073,Uranium
AKO.AX,AKORA Resources Limited,13060480,0.075,Other Industrial Metals & Mining
EGY.AX,Energy Technologies Limited,9999051,0.02,Electrical Equipment & Parts
AD1.AX,AdNeo Limited,4346135,0.034,Information Technology Services
NYM.AX,Narryer Metals Limited,10915398,0.062,Other Industrial Metals & Mining
FCT.AX,FirstWave Cloud Technology Limited,9627236,0.006,Software - Infrastructure
1AD.AX,AdAlta Limited,3040370,0.005,Biotechnology
AHE.AX,Adheris Health Limited,12753537,0.02,Health Information Services
GLL.AX,Galilee Energy Limited,5743862,0.007,Oil & Gas Exploration & Production
AXL.AX,Axel REE Limited,12668723,0.072,Other Industrial Metals & Mining
SFX.AX,Sheffield Resources Limited,12656874,0.032,Other Industrial Metals & Mining
DWG.AX,DataWorks Group Limited,12624155,0.122,Software - Infrastructure
VR8.AX,Vanadium Resources Limited,11869617,0.019,Other Industrial Metals & Mining
CCM.AX,Cadoux Limited,12611198,0.034,Other Industrial Metals & Mining
CMG.AX,Critical Minerals Group Limited,10797634,0.12,Other Industrial Metals & Mining
CR1.AX,Constellation Resources Limited,12461140,0.155,Other Industrial Metals & Mining
BMM.AX,Bayan Mining and Minerals Limited,10115860,0.092,Other Industrial Metals & Mining
BMMO.AX,Bayan Mining and Minerals Limited,,0.049,Metal Mining
SER.AX,Strategic Energy Resources Limited,9203608,0.22,Other Industrial Metals & Mining
BIM.AX,Bindi Metals Limited,8682721,0.135,Other Precious Metals & Mining
JCS.AX,JCurve Solutions Limited,12332020,0.035,Software - Application
EM2.AX,Eagle Mountain Mining Limited,8902896,0.008,Other Industrial Metals & Mining
CLG.AX,Close the Loop Ltd,12273946,0.023,Waste Management
UNT.AX,Unith Ltd,10657920,0.007,Software - Application
NFM.AX,New Frontier Minerals Limited,10429778,0.006,Other Industrial Metals & Mining
AMU.AX,American Uranium Limited,10124035,0.094,Uranium
IND.AX,Industrial Minerals Ltd,12048375,0.15,Other Industrial Metals & Mining
E79.AX,E79 Gold Mines Limited,4844456,0.034,Gold
MRQ.AX,MRG Metals Ltd,11941600,0.004,Other Industrial Metals & Mining
PKO.AX,Peako Limited,11901936,0.008,Other Precious Metals & Mining
NWM.AX,Norwest Minerals Limited,11896598,0.011,Gold
PMM.AX,Pioneer Minerals Limited,12905912,0.17,Other Industrial Metals & Mining
1CG.AX,One Click Group Limited,11765610,0.009,Software - Application
NOV.AX,Novatti Group Limited,11763745,0.019,Software - Infrastructure
BNR.AX,Bulletin Resources Limited,11744533,0.04,Gold
CHR.AX,Charger Metals NL,7910829,0.088,Other Industrial Metals & Mining
CHRCB.AX,Charger Metals NL,,0.025,Metal Mining
MBG.AX,MB Gold Limited,12180000,0.2,Gold
XEN.AX,Xenitra Limited,11588576,0.003,Department Stores
DUN.AX,Dundas Minerals Limited,8444263,0.051,Other Precious Metals & Mining
49M.AX,49 Metals Limited,10690000,0.13,Gold
MNC.AX,Merino & Co. Limited,12197884,0.155,Apparel Manufacturing
PEC.AX,Perpetual Resources Limited,13843230,0.014,Other Industrial Metals & Mining
RCL.AX,ReadCloud Limited,11367862,0.074,Software - Application
ZMI.AX,Zinc of Ireland NL,11293304,0.017,Other Industrial Metals & Mining
FNX.AX,Finexia Financial Group Limited,11214714,0.18,Capital Markets
TSK.AX,Tusker Minerals Ltd,40200403,0.105,Other Industrial Metals & Mining
SVY.AX,Stavely Minerals Limited,8902223,0.013,Other Industrial Metals & Mining
NFL.AX,Norfolk Metals Limited,7230630,0.11,Other Precious Metals & Mining
OMX.AX,Orange Minerals NL,11018299,0.062,Other Precious Metals & Mining
AJL.AX,AJ Lucas Group Limited,11693702,0.008,Coking Coal
QEM.AX,QEM Limited,7963961,0.037,Oil & Gas Exploration & Production
TG1.AX,TechGen Metals Ltd,4738247,0.029,Other Precious Metals & Mining
GTE.AX,Great Western Exploration Limited,7550763,0.014,Other Industrial Metals & Mining
FFG.AX,Fatfish Group Limited,10875011,0.007,Capital Markets
KOB.AX,Koba Resources Limited,10855520,0.038,Other Precious Metals & Mining
MTL.AX,Mantle Minerals Limited,10849672,0.001,Other Industrial Metals & Mining
BPH.AX,BPH Energy Limited,10830791,0.008,Asset Management
IMC.AX,Immuron Limited,8508331,0.033,Biotechnology
CND.AX,Condor Energy Limited,9640420,0.015,Oil & Gas Exploration & Production
DTI.AX,DTI Group Limited,10746586,0.012,Security & Protection Services
R8R.AX,Regener8 Resources NL,6090375,0.15,Gold
GIB.AX,Gibb River Diamonds Limited,10725472,0.05,Other Precious Metals & Mining
FNR.AX,Far Northern Resources Limited,10719170,0.15,Gold
CMB.AX,Cambium Bio Limited,8957630,0.39,Biotechnology
IPC.AX,Imperial Pacific Limited,10873500,2,Asset Management
PIL.AX,Peppermint Innovation Limited,12890280,0.004,Software - Infrastructure
N1H.AX,N1 Holdings Limited,10566669,0.12,Mortgage Finance
IVG.AX,Invert Graphite Limited,10481880,0.025,Other Industrial Metals & Mining
RWD.AX,Reward Minerals Ltd,10168324,0.037,Other Industrial Metals & Mining
T92.AX,Terra Critical Minerals Limited,10385588,0.07,Uranium
TEE.AX,Top End Energy Limited,10348658,0.037,Oil & Gas Exploration & Production
SCP.AX,Scalare Partners Holdings Limited,7913908,0.072,Consulting Services
TZL.AX,TZ Limited,8316665,0.03,Security & Protection Services
AAJ.AX,Aruma Resources Limited,4737035,0.014,Gold
AAJOA.AX,Aruma Resources Limited,,0.007,Gold And Silver Ores
CF1.AX,Complii FinTech Solutions Ltd,10255556,0.017,Software - Application
STV.AX,Swift TV Ltd,10127916,0.009,Entertainment
UWC.AX,Underwood Capital Limited,10061016,0.049,Asset Management
PNM.AX,Pacific Nickel Mines Limited,10103835,0.024,Gold
CYB.AX,AUCyber Limited,10019886,0.048,Software - Infrastructure
AMO.AX,Ambertech Limited,10017502,0.105,Electronics & Computer Distribution
KBC.AX,Keybridge Capital Limited,9721386,0.047,Asset Management
IGN.AX,Ignite Limited,9841423,0.595,Staffing & Employment Services
BPP.AX,Babylon Pump & Power Limited,9839364,0.0775,Rental & Leasing Services
AXI.AX,Axtec Limited,7500000,0.018,Specialty Industrial Machinery
ITM.AX,iTech Minerals Ltd,7794100,0.041,Other Industrial Metals & Mining
ALV.AX,Alvo Minerals Limited,7041760,0.04,Other Precious Metals & Mining
SPA.AX,Spacetalk Limited,6670052,0.081,Telecom Services
M24.AX,Mamba Exploration Limited,5001040,0.02,Other Industrial Metals & Mining
SFG.AX,Seafarms Group Limited,9733499,0.002,Farm Products
RR1.AX,Reach Resources Limited,9661930,0.01,Gold
DSM.AX,Desert Minerals Limited,9620022,0.37,Gold
LCL.AX,LCL Resources Limited,9612057,0.008,Other Precious Metals & Mining
ECS.AX,ECS Botanics Holdings Ltd,7838370,0.006,Drug Manufacturers - Specialty & Generic
CPO.AX,Culpeo Minerals Limited,6247947,0.012,Copper
ALY.AX,Alchemy Resources Limited,9504610,0.008,Gold
MOH.AX,Moho Resources Limited,6442482,0.009,Other Precious Metals & Mining
EVE.AX,EVE Health Group Limited,6098099,0.027,Packaged Foods
IXC.AX,Invex Therapeutics Ltd,9394231,0.125,Biotechnology
PV1.AX,Provaris Energy Ltd,9894155,0.009,Oil & Gas Exploration & Production
AEI.AX,Aeris Environmental Ltd,9370593,0.038,Pollution & Treatment Controls
MMR.AX,MEC Resources Limited,9359949,0.005,Oil & Gas Exploration & Production
ROG.AX,Red Sky Energy Limited,9333341,0.001,Oil & Gas Exploration & Production
KFM.AX,Kingfisher Mining Limited,7655819,0.089,Other Precious Metals & Mining
INV.AX,InvestSMART Group Limited,11797548,0.083,Financial Conglomerates
RKB.AX,Rokeby Resources Limited,9132806,0.005,Other Industrial Metals & Mining
ICL.AX,Iceni Gold Limited,7217184,0.023,Gold
NGX.AX,NGX Limited,9061184,0.1,Other Industrial Metals & Mining
EV1.AX,Evolution Energy Minerals Limited,4291144,0.011,Other Industrial Metals & Mining
PLC.AX,Premier1 Lithium Limited,3287965,0.009,Other Industrial Metals & Mining
PLCO.AX,Premier1 Lithium Limited,,0.004,Computer Processing and Data Preparation and Processing Services
EPN.AX,Epsilon Healthcare Limited,8949392,0.023,Drug Manufacturers - Specialty & Generic
GED.AX,Golden Deeps Limited,6921189,0.039,Other Industrial Metals & Mining
WSI.AX,WestStar Industrial Limited,8884801,0.069,Engineering & Construction
PPY.AX,Papyrus Australia Limited,8874344,0.014,Packaging & Containers
PFE.AX,Pantera Minerals Limited,8870005,0.018,Other Industrial Metals & Mining
OLY.AX,Olympio Metals Limited,4959550,0.05,Other Industrial Metals & Mining
VRL.AX,Verity Resources Limited,7364432,0.018,Other Industrial Metals & Mining
ODA.AX,Orcoda Limited,8813168,0.047,Integrated Freight & Logistics
APC.AX,APC Minerals Limited,3478902,0.012,Other Industrial Metals & Mining
BTN.AX,Butn Limited,8772016,0.023,Credit Services
MHK.AX,Metal Hawk Limited,8760872,0.071,Other Industrial Metals & Mining
EMA.AX,Eminence Minerals Limited,8715221,0.056,Other Industrial Metals & Mining
EMAO.AX,Eminence Minerals Limited,,0.01,Metal Mining
JAY.AX,Jayride Group Limited,9327335,0.006,Travel Services
ENV.AX,Enova Mining Limited,7105635,0.004,Other Industrial Metals & Mining
GSM.AX,Golden State Mining Limited,4645789,0.018,Gold
CDT.AX,Castle Minerals Limited,5680943,0.05,Gold
H3E.AX,H3 Energy Limited,6876101,0.008,Oil & Gas Exploration & Production
QXR.AX,QX Resources Limited,8634640,0.004,Other Industrial Metals & Mining
NSM.AX,North Stawell Minerals Limited,8592650,0.023,Gold
NAE.AX,New Age Exploration Limited,6163932,0.002,Other Industrial Metals & Mining
TMB.AX,Tambourah Metals Limited,5576527,0.034,Gold
BGT.AX,Bio-Gene Technology Limited,8541711,0.028,Biotechnology
CTN.AX,Catalina Resources Ltd,6408582,0.06,Gold
TMS.AX,Tennant Minerals Limited,6076160,0.008,Other Industrial Metals & Mining
GLE.AX,GLG Corp Ltd,8521500,0.115,Apparel Manufacturing
SRK.AX,Strike Resources Limited,8512500,0.03,Other Industrial Metals & Mining
WOA.AX,Wide Open Agriculture Limited,8507809,0.013,Packaged Foods
AUG.AX,Augustus Minerals Ltd,6865235,0.041,Other Industrial Metals & Mining
MCO.AX,Myeco Group Ltd,9054150,0.015,Packaging & Containers
FOS.AX,FOS Capital Limited,8591810,0.125,Electrical Equipment & Parts
TXR.AX,TalonX Resources Limited,9319969,0.01,Other Industrial Metals & Mining
GAS.AX,State Gas Limited,8369980,0.02,Oil & Gas Exploration & Production
OB1.AX,Orbminco Limited,4096792,0.014,Other Industrial Metals & Mining
ACM.AX,Australian Critical Minerals Limited,6149238,0.055,Other Precious Metals & Mining
ACMOA.AX,Australian Critical Minerals Limited,,0.001,Metal Mining
BSN.AX,Basin Energy Limited,4961190,0.035,Uranium
5GG.AX,Pentanet Limited,7363918,0.017,Telecom Services
T88.AX,Taiton Resources Limited,8222572,0.068,Other Precious Metals & Mining
IG6.AX,International Graphite Limited,8218990,0.04,Other Industrial Metals & Mining
RCR.AX,Rincon Resources Limited,6175535,0.02,Other Precious Metals & Mining
CAN.AX,Cann Group Limited,3533438,0.005,Drug Manufacturers - Specialty & Generic
BIT.AX,Biotron Limited,4928397,0.003,Biotechnology
BITO.AX,Biotron Limited,,0.001,"Biological Products, Except Diagnostic Substances"
FHS.AX,Freehill Mining Limited,8099700,0.002,Other Industrial Metals & Mining
EG1.AX,Evergold Minerals Limited,5183824,0.024,Other Industrial Metals & Mining
BCB.AX,Bowen Coking Coal Limited,8081817,0.075,Coking Coal
USM.AX,Union Star Metals Ltd,7415459,0.014,Gold
AVD.AX,AVADA Group Limited,7983892,0.094,Infrastructure Operations
AUV.AX,Auravelle Metals Limited,10309333,0.014,Gold
GG1.AX,Green & Gold Minerals Limited,9181384,0.13,Gold
EMU.AX,Emu NL,5190486,0.021,Other Industrial Metals & Mining
AN1.AX,Anagenics Limited,3510383,0.008,Household & Personal Products
TOU.AX,Tlou Energy Limited,3895753,0.003,Oil & Gas Exploration & Production
AS2.AX,Askari Metals Limited,4075184,0.01,Other Precious Metals & Mining
LIO.AX,Lion Energy Limited,7686856,0.017,Oil & Gas Exploration & Production
RB6.AX,Rubix Resources Limited,7681250,0.125,Other Precious Metals & Mining
TR8.AX,Tarrina Resources Limited,7669488,0.018,Packaged Foods
H2G.AX,H2G Limited,7646612,0.01,Utilities - Regulated Gas
HIQ.AX,HITIQ Limited,4953460,0.01,Health Information Services
TRP.AX,Tissue Repair Ltd,7558105,0.125,Biotechnology
OM1.AX,Omnia Metals Group Ltd,4616455,0.02,Other Industrial Metals & Mining
SHE.AX,Stonehorse Energy Limited,6844600,0.01,Oil & Gas Exploration & Production
REM.AX,RemSense Technologies Limited,7510520,0.038,Information Technology Services
VAR.AX,Variscan Mines Limited,5401718,0.006,Other Industrial Metals & Mining
SQX.AX,SQX Resources Limited,3274620,0.105,Other Industrial Metals & Mining
TAT.AX,Tartana Minerals Limited,4501856,0.021,Other Industrial Metals & Mining
SLB.AX,Stelar Metals Limited,7425054,0.115,Other Industrial Metals & Mining
KNI.AX,Kuniko Limited,2916324,0.036,Other Industrial Metals & Mining
GDR.AX,Golden Dragon Mining Ltd,7308342,0.165,Other Industrial Metals & Mining
KTA.AX,Krakatoa Resources Limited,4634205,0.006,Gold
CHM.AX,Chimeric Therapeutics Limited,5335603,0.13,Biotechnology
C29.AX,C29 Metals Limited,5748212,0.033,Other Industrial Metals & Mining
VEN.AX,Vintage Energy Limited,7181027,0.003,Oil & Gas Exploration & Production
CNJ.AX,Conico Ltd,364119,0.011,Other Industrial Metals & Mining
CRB.AX,Carbine Resources Limited,7151194,0.006,Other Industrial Metals & Mining
CR3.AX,Core Energy Minerals Ltd,4399416,0.009,Other Industrial Metals & Mining
SLA.AX,Solara Minerals Ltd,7108179,0.12,Copper
10X.AX,Exultant Mining Limited,7480000,0.205,Other Industrial Metals & Mining
SIV.AX,SIV Capital Limited,7102926,0.15,Rental & Leasing Services
AX8.AX,Accelerate Resources Limited,5891380,0.007,Other Industrial Metals & Mining
AMD.AX,Arrow Minerals Limited,7061366,0.007,Other Industrial Metals & Mining
COY.AX,Coppermoly Limited,6178602,0.007,Other Precious Metals & Mining
TON.AX,Triton Minerals Limited,6273555,0.004,Other Industrial Metals & Mining
CGR.AX,CGN Resources Limited,7051084,0.064,Other Industrial Metals & Mining
CCO.AX,The Calmer Co International Limited,5402701,0.002,Packaged Foods
AER.AX,Aeeris Limited,7033397,0.09,Software - Application
CDE.AX,Codeifai Limited,4189479,0.007,Security & Protection Services
SOC.AX,SOCO Corporation Ltd,6967755,0.05,Information Technology Services
PFT.AX,Pure Foods Tasmania Limited,3138149,0.023,Packaged Foods
CMO.AX,Cosmo Metals Limited,3652630,0.01,Other Industrial Metals & Mining
AIV.AX,ActivEX Limited,4125902,0.022,Other Industrial Metals & Mining
IBX.AX,Imagion Biosystems Limited,3092478,0.014,Diagnostics & Research
RON.AX,Ronin Resources Ltd,6863752,0.17,Other Precious Metals & Mining
WHK.AX,WhiteHawk Limited,5518254,0.006,Software - Infrastructure
BEO.AX,Beonic Limited,6712702,0.099,Software - Infrastructure
PGY.AX,Pilot Energy Limited,4712785,0.054,Oil & Gas Exploration & Production
HMI.AX,Hiremii Limited,4858146,0.032,Staffing & Employment Services
WC1.AX,West Cobar Metals Limited,3959211,0.019,Gold
DTM.AX,Dart Mining NL,43985813,0.032,Other Industrial Metals & Mining
HE8.AX,Helios Energy Limited,6697340,0.002,Oil & Gas Exploration & Production
ENT.AX,Enterprise Metals Limited,6669713,0.004,Other Industrial Metals & Mining
BUS.AX,Bubalus Resources Limited,5414283,0.095,Other Industrial Metals & Mining
SP3.AX,Spectur Limited,5245375,0.016,Security & Protection Services
OMG.AX,OMG Group Limited,6624064,0.007,Packaged Foods
KEY.AX,Key Petroleum Limited,6616280,0.17,Oil & Gas Exploration & Production
TEM.AX,Tempest Minerals Limited,6611258,0.006,Other Industrial Metals & Mining
RLG.AX,RooLife Group Ltd,5665487,0.003,Software - Application
RLGO.AX,RooLife Group Ltd,,0.001,Advertising
MGT.AX,Magnetite Mines Limited,3788691,0.029,Other Industrial Metals & Mining
AYT.AX,Austin Metals Limited,4752574,0.003,Other Industrial Metals & Mining
RIE.AX,Riedel Resources Limited,2132200,0.025,Gold
MQR.AX,Marquee Resources Limited,4693752,0.008,Other Industrial Metals & Mining
DM1.AX,Desert Metals Limited,4957400,0.01,Other Industrial Metals & Mining
CAQ.AX,CAQ Holdings Limited,6460076,0.009,Real Estate - Development
ZEU.AX,Zeus Resources Limited,6459576,0.009,Uranium
KNG.AX,Kingsland Minerals Ltd,5123592,0.072,Other Industrial Metals & Mining
CR3O.AX,Core Energy Minerals Ltd,,0.001,Metal Mining
VBS.AX,Vectus Biosystems Limited,6411999,0.12,Biotechnology
MHM.AX,Mount Hope Mining Limited,5688000,0.135,Other Precious Metals & Mining
MHMO.AX,Mount Hope Mining Limited,,0.058,Metal Mining
ALB.AX,Albion Resources Limited,6398250,0.045,Other Industrial Metals & Mining
PLG.AX,Pearl Gull Iron Limited,6340795,0.031,Steel
M2R.AX,Miramar Resources Limited,3382629,0.003,Other Industrial Metals & Mining
WYX.AX,Western Yilgarn NL,6293030,0.04,Other Industrial Metals & Mining
WYXOA.AX,Western Yilgarn NL,,0.017,Metal Mining
ERE.AX,European Resources Limited,6282143,0.012,Other Precious Metals & Mining
C7A.AX,Clara Resources Australia Ltd,1576932,0.003,Other Industrial Metals & Mining
GGE.AX,Grand Gulf Energy Limited,6240840,0.002,Oil & Gas Exploration & Production
INF.AX,Infinity Metals Limited,6233031,0.013,Other Precious Metals & Mining
NOR.AX,Norwood Systems Limited,5230321,0.011,Telecom Services
OKJ.AX,Oakajee Corporation Limited,6218330,0.068,Other Industrial Metals & Mining
EXL.AX,Elixinol Wellness Limited,3261000,0.015,Drug Manufacturers - Specialty & Generic
RNX.AX,Renegade Exploration Limited,6209390,0.003,Other Industrial Metals & Mining
HFY.AX,Hubify Limited,6205064,0.012,Telecom Services
ADC.AX,ACDC Metals Limited,4431007,0.059,Other Industrial Metals & Mining
PR2.AX,Piche Resources Limited,6227406,0.045,Other Industrial Metals & Mining
NSX:SPS.AX,SenterpriSys Limited,,0.04,Prepackaged Software
SMX.AX,Strata Minerals Limited,6102385,0.019,Other Precious Metals
PER.AX,Percheron Therapeutics Limited,4456254,0.004,Drug Manufacturers - Specialty & Generic
FEL.AX,Forte Energy Limited,25833360,0.007,Materials
NME.AX,Nex Metals Explorations Limited,6035081,0.018,Gold
MML.AX,McLaren Minerals Limited,3335204,0.015,Other Industrial Metals & Mining
RPM.AX,RPM Automotive Group Limited,5993301,0.022,Auto Parts
AM5.AX,Antares Metals Limited,3736376,0.007,Other Industrial Metals & Mining
PRO.AX,Prophecy International Holdings Limited,6018970,0.075,Software - Application
ASQ.AX,Australian Silica Quartz Group Ltd.,4869240,0.019,Other Industrial Metals & Mining
CPM.AX,Cooper Metals Limited,4654062,0.061,Other Industrial Metals & Mining
DXN.AX,DXN Limited,5969890,0.019,Information Technology Services
PTL.AX,Prestal Holdings Limited,5966083,0.035,Household & Personal Products
EMT.AX,eMetals Limited,5950000,0.007,Other Industrial Metals & Mining
ZLD.AX,Zelira Therapeutics Limited,5948578,0.5,Biotechnology
X2M.AX,X2M Connect Limited,2452629,0.004,Scientific & Technical Instruments
ADS.AX,Adslot Limited,5912800,0.001,Software - Infrastructure
SPX.AX,Spenda Limited,92886385,0.02,Software - Infrastructure
SLZ.AX,Sultan Resources Limited,2610840,0.01,Other Industrial Metals & Mining
HAL.AX,Halo Technologies Holdings Limited,2696952,0.021,Software - Application
NRX.AX,Noronex Limited,5742572,0.009,Copper
AOK.AX,Australian Oil Company Limited,3756686,0.003,Oil & Gas Exploration & Production
GTG.AX,Genetic Technologies Limited,5671273,0.039,Diagnostics & Research
JNO.AX,Juno Minerals Limited,5858637,0.028,Other Industrial Metals & Mining
AUA.AX,Audeara Limited,5610273,0.031,Consumer Electronics
NX1.AX,Nexalis Therapeutics Limited,5566821,0.022,Biotechnology
RFT.AX,Rectifier Technologies Ltd,5531123,0.004,Electrical Equipment & Parts
AYM.AX,Australia United Mining Limited,5527732,0.003,Gold
IVX.AX,Invion Limited,5527022,0.057,Drug Manufacturers - Specialty & Generic
GES.AX,Genesis Resources Limited,5479889,0.007,Other Industrial Metals & Mining
TSR.AX,Turnstone Resources Ltd,5432210,0.032,Other Industrial Metals & Mining
M3M.AX,M3 Mining Limited,2415700,0.026,Other Precious Metals & Mining
XPN.AX,XPON Technologies Group Limited,4294092,0.011,Software - Infrastructure
BCC.AX,Beam Communications Holdings Limited,5098893,0.059,Communication Equipment
HLX.AX,Helix Resources Limited,5346291,0.001,Other Industrial Metals & Mining
HLXO.AX,Helix Resources Limited,,0.001,Metal Mining
BRY.AX,Barys Resources Limited,5280668,0.001,Other Industrial Metals & Mining
PIM.AX,Pinnacle Minerals Limited,2250045,0.045,Other Industrial Metals & Mining
L1M.AX,Lightning Minerals Ltd,1979059,0.019,Other Industrial Metals & Mining
NPM.AX,NewPeak Metals Limited,4937150,0.015,Gold
ARC.AX,ARC Funds Limited,3851343,0.071,Asset Management
CDR.AX,Codrus Minerals Limited,5168359,0.025,Gold
RAS.AX,Ragusa Minerals Limited,5153168,0.026,Gold
IEQ.AX,International Equities Corporation Limited,5128943,0.039,Lodging
MIO.AX,Macarthur Minerals Limited,8595454,0.027,Other Industrial Metals & Mining
WNX.AX,Wellnex Life Limited,5111876,0.07,Packaged Foods
OZZ.AX,Ozz Resources Limited,5089156,0.055,Gold
PET.AX,Phoslock Environmental Technologies Limited,4995124,0.008,Pollution & Treatment Controls
HRE.AX,Heavy Rare Earths Limited,4992813,0.024,Uranium
PBL.AX,Parabellum Resources Limited,5856200,0.094,Other Industrial Metals & Mining
VFX.AX,Visionflex Group Limited,4936588,0.057,Health Information Services
RDS.AX,Redstone Resources Limited,4177069,0.004,Copper
WRX.AX,Western Ridge Resources Limited,4895026,0.031,Other Precious Metals & Mining
T3D.AX,333D Limited,4634971,0.023,Computer Hardware
CUL.AX,Cullen Resources Limited,4853813,0.007,Other Industrial Metals & Mining
RBX.AX,Resource Base Limited,4837748,0.042,Gold
KNO.AX,Knosys Limited,4106635,0.019,Software - Infrastructure
AVW.AX,Avira Resources Limited,2070000,0.009,Other Precious Metals & Mining
PKD.AX,PARKD Limited,3475021,0.031,Engineering & Construction
ID8.AX,Identitii Limited,4620760,0.005,Software - Application
BUR.AX,Burley Minerals Ltd,4604183,0.025,Other Industrial Metals & Mining
AQC.AX,Australian Pacific Coal Limited,4202806,0.006,Thermal Coal
CLU.AX,Cluey Ltd,3853056,0.011,Education & Training Services
ACR.AX,Acrux Limited,4516694,0.011,Biotechnology
A8G.AX,Australasian Metals Limited,4515399,0.078,Gold
8CO.AX,8common Limited,4481898,0.02,Software - Application
DBO.AX,Diablo Resources Limited,3426289,0.019,Gold
G88.AX,Golden Mile Resources Limited,3776310,0.006,Other Industrial Metals & Mining
ABR.AX,Albright Metals Ltd,3841040,0.003,Other Industrial Metals & Mining
TEG.AX,Triangle Energy (Global) Limited,4445880,0.002,Oil & Gas Exploration & Production
OSX.AX,Osteopore Limited,1880916,0.006,Medical Instruments & Supplies
SRH.AX,Saferoads Holdings Limited,4334650,0.1,Industrial Distribution
HCD.AX,Hydrocarbon Dynamics Limited,4312439,0.003,Specialty Chemicals
EFE.AX,Eastern Resources Limited,4278780,0.033,Other Industrial Metals & Mining
ATT.AX,Altitude Minerals Ltd,4265529,0.011,Other Precious Metals & Mining
LVE.AX,Love Group Global Ltd,4256088,0.105,Internet Content & Information
NSX:IEC.AX,Inner East Community Finance Ltd,,1.65,Commercial Banks
PRM.AX,Prominence Energy Ltd,1035925,0.002,Oil & Gas Exploration & Production
BHD.AX,Benjamin Hornigold Limited,4227167,0.175,Asset Management
RGT.AX,Argent BioPharma Limited,3228826,0.038,Drug Manufacturers - Specialty & Generic
YAR.AX,Yari Minerals Limited,3454325,0.005,Other Industrial Metals & Mining
TML.AX,Timah Resources Limited,3727910,0.042,Utilities - Renewable
AXP.AX,AXP Energy Limited,3008106,0.009,Oil & Gas Exploration & Production
IFG.AX,InFocus Group Holdings Limited,4025774,0.008,Information Technology Services
SRN.AX,Surefire Resources NL,4025609,0.025,Industrial Materials
SRNOE.AX,Surefire Resources NL,,0.001,Metal Mining
FCG.AX,Freedom Care Group Holdings Limited,4007783,0.037,Medical Care Facilities
NSX:DWY.AX,Dawney & Co Limited,,0.16,"Investors, not elsewhere classified"
IMI.AX,Infinity Mining Limited,2961110,0.007,Other Industrial Metals & Mining
DAF.AX,Discovery Alaska Limited,3875395,0.015,Gold
ZMM.AX,Zimi Limited,2351459,0.005,Electrical Equipment & Parts
CGO.AX,CPT Global Limited,3770763,0.09,Information Technology Services
WSR.AX,Westar Resources Limited,2807996,0.007,Gold
EE1.AX,Earths Energy Limited,3751623,0.005,Other Industrial Metals & Mining
NSX:PRL.AX,Province Resources Limited,,0.005,Metal Mining
CTQ.AX,Careteq Limited,3192294,0.013,Health Information Services
DDT.AX,DataDot Technology Limited,4866307,0.004,Security & Protection Services
GLH.AX,Global Health Limited,3645261,0.062,Health Information Services
SBR.AX,Sabre Resources Limited,3005390,0.008,Other Industrial Metals & Mining
NTM.AX,NT Minerals Limited,3632700,0.003,Copper
HT8.AX,Harris Technology Group Limited,3618617,0.011,Internet Retail
PXR.AX,Pacific Resources Limited,3600384,0.001,Thermal Coal
OCT.AX,Octava Minerals Limited,2211520,0.029,Other Precious Metals & Mining
RAN.AX,Range International Limited,2340263,0.002,Specialty Chemicals
HYD.AX,Hydrix Limited,3545995,0.013,Scientific & Technical Instruments
ERG.AX,Eneco Refresh Limited,4357734,0.016,Beverages - Non-Alcoholic
BP8.AX,BPH Global Ltd,2780220,0.001,Drug Manufacturers - Specialty & Generic
CL8.AX,CL8 Holdings Limited,3488815,0.013,Rental & Leasing Services
WEL.AX,Winchester Energy Limited,2882276,0.002,Oil & Gas Exploration & Production
NRZ.AX,NeuRizer Ltd.,3369760,0.001,Agricultural Inputs
CMX.AX,ChemX Materials Limited,33545804,0.026,Electrical Equipment & Parts
OEQ.AX,Orion Equities Limited,2895107,0.185,Asset Management
PPG.AX,Pro-Pac Packaging Limited,3270379,0.018,Packaging & Containers
PNT.AX,Panther Metals Ltd,2383371,0.008,Other Precious Metals & Mining
OLI.AX,Oliver's Real Food Limited,3244392,0.006,Restaurants
YOW.AX,Yowie Group Limited,3211151,0.014,Confectioners
LRD.AX,Lord Resources Limited,3186036,0.018,Other Industrial Metals & Mining
KNM.AX,KNeoMedia Limited,7242860,0.002,Software - Application
DMG.AX,Dragon Mountain Gold Limited,3157373,0.008,Gold
UCM.AX,Uscom Limited,3121765,0.012,Medical Devices
M2M.AX,Mt Malcolm Mines NL,1322043,0.005,Gold
MOM.AX,Moab Minerals Limited,2015700,0.001,Other Industrial Metals & Mining
CT1.AX,Constellation Technologies Limited,2949467,0.002,Information Technology Services
PFM.AX,Platformo Ltd,2942157,0.031,Software - Application
KOR.AX,Korab Resources Limited,2936400,0.008,Other Industrial Metals & Mining
NSX:LCB.AX,Logan Community Financial Services Limited,,0.9,"Commercial Banks, not elsewhere classified"
BLZ.AX,Blaze Minerals Limited,2875000,0.001,Other Industrial Metals & Mining
ANR.AX,Anatara Lifesciences Ltd,1871277,0.009,Biotechnology
BGE.AX,Bridge SaaS Limited,2598170,0.013,Software - Application
NSX:IIC.AX,Illuminator Investment Company Limited,,0.25,
OLH.AX,Oldfields Holdings Limited,2556710,0.012,Building Products & Equipment
RBR.AX,RBR Group Limited,2058704,0.02,Specialty Business Services
VTA.AX,Vita Resources NL,3101091,0.032,Other Precious Metals & Mining
SAN.AX,Sagalio Energy Limited,2455922,0.012,Oil & Gas Exploration & Production
TD1.AX,TALi Digital Limited,2429829,0.052,Health Information Services
OAK.AX,Oakridge International Limited,2267824,0.084,Health Information Services
BUY.AX,Bounty Oil & Gas NL,2342401,0.001,Oil & Gas Exploration & Production
CYQ.AX,Cycliq Group Limited,2302583,0.005,Leisure
GCR.AX,Golden Cross Resources Limited,2194512,0.002,Other Precious Metals & Mining
HXL.AX,Hexima Limited,542878,0.013,Shell Companies
AOA.AX,Ausmon Resources Limited,1426513,0.001,Other Industrial Metals & Mining
TFL.AX,TasFoods Limited,1937955,0.005,Packaged Foods
NSX:PMI.AX,Pegmont Mines Limited,,0.023,Metal Mining
ABE.AX,Australian Bond Exchange Holdings Limited,1719640,0.014,Capital Markets
1TT.AX,Thrive Tribe Technologies Limited,101586,0.001,Software - Application
MPR.AX,MPR Australia Limited,1718516,0.005,Solar
RLC.AX,Reedy Lagoon Corporation Limited,1553413,0.002,Other Industrial Metals & Mining
CLZ.AX,Classic Minerals Limited,4265860,0.001,Other Industrial Metals & Mining
QUE.AX,Queste Communications Ltd,1516051,0.056,Asset Management
WNR.AX,Wingara AG Limited,1228798,0.007,Farm Products
HPC.AX,The Hydration Pharmaceuticals Company Limited,1292403,0.003,Food Distribution
NSX:SSC.AX,Sunshine Coast Community Financial Services Limited,,0.74,Commercial Banks
BEL.AX,Bentley Capital Limited,1141919,0.015,Asset Management
BMH.AX,Baumart Holdings Limited,1140826,0.007,Building Materials
MSG.AX,MCS Services Limited,792399,0.004,Security & Protection Services
NSX:NCRDB.AX,NuCoal Resources Limited,,0.02,Bituminous Coal And Lignite Mining
SLM.AX,Solis Minerals Ltd.,10431570,0.095,Copper
MEL.AX,Metgasco Limited,551134,0.015,Oil & Gas Exploration & Production
NSX:EGF.AX,East Gosford & Districts Financial Services Limited,,0.55,Commercial Banks
MSI.AX,Multistack International Limited,681520,0.005,Specialty Industrial Machinery
ICU.AX,Investor Centre Limited,304511,0.001,Capital Markets
VTI.AX,"Visioneering Technologies, Inc.",3704672,0.066,Medical Devices
PMGOLD.AX,Gold Corporation,1722226774,63.27,Asset Management
AME.AX,Alto Metals Limited,69538661,0.094,Gold