Symbol,Company Name,Exchange,Industry,Market Cap
TSXV:TOI,Topicus.com Inc.,TSX Venture Exchange,Software - Infrastructure,7592171330
TSXV:ARTG,Artemis Gold Inc.,TSX Venture Exchange,Other Precious Metals & Mining,7398434054
TSXV:LMN,Lumine Group Inc.,TSX Venture Exchange,Software - Application,5517338342
TSXV:PNG,Kraken Robotics Inc.,TSX Venture Exchange,Scientific & Technical Instruments,2008924500
TSXV:PNG.R,Kraken Robotics Inc.,TSX Venture Exchange,"Search, Detection, Navigation, Guidance, Aeronautical, and Nautical Systems and Instruments",
TSXV:AFM,Alphamin Resources Corp.,TSX Venture Exchange,Other Industrial Metals & Mining,1925731319
TSXV:SGML,Sigma Lithium Corporation,TSX Venture Exchange,Other Industrial Metals & Mining,1853745920
TSXV:OMG,Omai Gold Mines Corp.,TSX Venture Exchange,Gold,1519677176
TSXV:TALA,Talamore Mining Corp.,TSX Venture Exchange,Other Precious Metals & Mining,1079491840
TSXV:ODV,Osisko Development Corp.,TSX Venture Exchange,Gold,500474804
TSXV:MTA,Metalla Royalty & Streaming Ltd.,TSX Venture Exchange,Other Precious Metals & Mining,987689994
TSXV:SLI,Standard Lithium Ltd.,TSX Venture Exchange,Other Industrial Metals & Mining,812781909
TSXV:GRZ,Gold Reserve Ltd.,TSX Venture Exchange,Gold,774763995
TSXV:QNC,Quantum eMotion Corp.,TSX Venture Exchange,Software - Infrastructure,921352614
TSXV:MKO,Mako Mining Corp.,TSX Venture Exchange,Gold,909796682
TSXV:NCX,NorthIsle Copper and Gold Inc.,TSX Venture Exchange,Other Industrial Metals & Mining,873311796
TSXV:MOON,Blue Moon Metals Inc.,TSX Venture Exchange,Other Industrial Metals & Mining,433292072
TSXV:SCZ,Santacruz Silver Mining Ltd.,TSX Venture Exchange,Other Industrial Metals & Mining,861561094
TSXV:DXT,Dexterra Group Inc.,TSX Venture Exchange,Services To Dwellings And Other Buildings,
TSXV:NFG,New Found Gold Corp.,TSX Venture Exchange,Gold,527247254
TSXV:TAU,Thesis Gold & Silver Inc.,TSX Venture Exchange,Other Industrial Metals & Mining,808950734
TSXV:BZ,Benz Mining Corp.,TSX Venture Exchange,Other Industrial Metals & Mining,685954662
TSXV:FWZ,Fireweed Metals Corp.,TSX Venture Exchange,Other Industrial Metals & Mining,762578205
TSXV:WED,The Westaim Corporation,TSX Venture Exchange,Asset Management,733442601
TSXV:AUXX,Gold X2 Mining Inc.,TSX Venture Exchange,Gold,727442674
TSXV:THX,Thor Explorations Ltd.,TSX Venture Exchange,Gold,713233256
TSXV:RML,Rusoro Mining Ltd.,TSX Venture Exchange,Gold,685826377
TSXV:AMX,Amex Exploration Inc.,TSX Venture Exchange,Gold,631650975
TSXV:ITR,Integra Resources Corp.,TSX Venture Exchange,Other Precious Metals & Mining,558609160
TSXV:QTWO,Q2 Metals Corp.,TSX Venture Exchange,Other Industrial Metals & Mining,590948864
TSXV:BYN,Banyan Gold Corp.,TSX Venture Exchange,Gold,647552314
TSXV:ASE,Asante Gold Corporation,TSX Venture Exchange,Gold,419470715
TSXV:ZDC,Zedcor Inc.,TSX Venture Exchange,Security & Protection Services,612321064
TSXV:UCU,Ucore Rare Metals Inc.,TSX Venture Exchange,Other Industrial Metals & Mining,610134041
TSXV:GSKR,Goldsky Resources Corp.,TSX Venture Exchange,Other Precious Metals & Mining,599066000
TSXV:LGN,Logan Energy Corp.,TSX Venture Exchange,Oil & Gas Exploration & Production,522885807
TSXV:DBG,Doubleview Gold Corp.,TSX Venture Exchange,Other Industrial Metals & Mining,542788594
TSXV:MAI,Minera Alamos Inc.,TSX Venture Exchange,Gold,276488904
TSXV:CEI,Coelacanth Energy Inc.,TSX Venture Exchange,Oil & Gas Exploration & Production,426014814
TSXV:REG,Regulus Resources Inc.,TSX Venture Exchange,Other Industrial Metals & Mining,498412332
TSXV:HSTR,Heliostar Metals Ltd.,TSX Venture Exchange,Gold,491238542
TSXV:ALDE,Aldebaran Resources Inc.,TSX Venture Exchange,Other Industrial Metals & Mining,298692240
TSXV:GGA,Goldgroup Mining Inc.,TSX Venture Exchange,Gold,491493760
TSXV:IFOS,Itafos Inc.,TSX Venture Exchange,Agricultural Inputs,481106600
TSXV:PBL,Pollard Banknote Limited,TSX Venture Exchange,"Converted Paper And Paperboard Products, Except Containers And Boxes",
TSXV:SLG,San Lorenzo Gold Corp.,TSX Venture Exchange,Other Industrial Metals & Mining,421359066
TSXV:FDR,Founders Metals Inc.,TSX Venture Exchange,Gold,434790000
TSXV:PML,Panoro Minerals Ltd.,TSX Venture Exchange,Other Industrial Metals & Mining,431215149
TSXV:SICO,Silverco Mining Ltd.,TSX Venture Exchange,Other Industrial Metals & Mining,273519827
TSXV:CAD,Colonial Coal International Corp.,TSX Venture Exchange,Coking Coal,416661750
TSXV:SIG,Sitka Gold Corp.,TSX Venture Exchange,Gold,381507140
TSXV:RECO,Reconnaissance Energy Africa Ltd.,TSX Venture Exchange,Oil & Gas Exploration & Production,411884703
TSXV:TTS,Tintina Mines Limited,TSX Venture Exchange,Other Industrial Metals & Mining,365403424
TSXV:CUU,Copper Fox Metals Inc.,TSX Venture Exchange,Copper,404512490
TSXV:WGO,White Gold Corp.,TSX Venture Exchange,Gold,394355785
TSXV:CDPR,Cerro de Pasco Resources Inc.,TSX Venture Exchange,Other Industrial Metals & Mining,305903040
TSXV:PCU,Pecoy Copper Corp.,TSX Venture Exchange,Gold,362415712
TSXV:KRY,Koryx Copper S.A.,TSX Venture Exchange,Other Industrial Metals & Mining,375884544
TSXV:GLAD,Gladiator Metals Corp.,TSX Venture Exchange,Other Industrial Metals & Mining,316290560
TSXV:EU,enCore Energy Corp.,TSX Venture Exchange,Uranium,378754350
TSXV:HCH,Hot Chili Limited,TSX Venture Exchange,Copper,288502406
TSXV:SVRS,Silver Storm Mining Ltd.,TSX Venture Exchange,Silver,351877673
TSXV:BRVO,Bravo Mining Corp.,TSX Venture Exchange,Other Precious Metals & Mining,294691755
TSXV:PAIN,Vector Science and Therapeutics Corp.,TSX Venture Exchange,Medical Devices,13200001
TSXV:LA,Los Andes Copper Ltd.,TSX Venture Exchange,Copper,364709172
TSXV:CAMB,Cambria Gold Mines Inc.,TSX Venture Exchange,Gold,350687232
TSXV:FISH,Sailfish Royalty Corp.,TSX Venture Exchange,Gold,347554100
TSXV:NAU,Nevgold Corp.,TSX Venture Exchange,Other Precious Metals & Mining,304493577
TSXV:SASK,Atha Energy Corp.,TSX Venture Exchange,Uranium,350223574
TSXV:GAL,Galantas Gold Corporation,TSX Venture Exchange,Gold,30626441
TSXV:CNC,Canada Nickel Company Inc.,TSX Venture Exchange,Other Industrial Metals & Mining,347342629
TSXV:BRC,Blackrock Silver Corp.,TSX Venture Exchange,Other Precious Metals & Mining,337863991
TSXV:RDS,Radisson Mining Resources Inc.,TSX Venture Exchange,Gold,353593040
TSXV:GSVR,Guanajuato Silver Company Ltd.,TSX Venture Exchange,Silver,338421839
TSXV:TUD,Tudor Gold Corp.,TSX Venture Exchange,Gold,235509618
TSXV:ALV,Alvopetro Energy Ltd.,TSX Venture Exchange,Oil & Gas Exploration & Production,319209723
TSXV:TNGD,Tiernan Gold Corp.,TSX Venture Exchange,Gold,337441600
TSXV:ANDC,Andina Copper Corp.,TSX Venture Exchange,Other Industrial Metals & Mining,317098336
TSXV:EOG,Eco (Atlantic) Oil & Gas Ltd.,TSX Venture Exchange,Oil & Gas Exploration & Production,309492489
TSXV:ECU,Element 29 Resources Inc.,TSX Venture Exchange,Copper,251704192
TSXV:NEXG,NeXGold Mining Corp.,TSX Venture Exchange,Gold,206254180
TSXV:MKA,Mkango Resources Ltd.,TSX Venture Exchange,Other Industrial Metals & Mining,298454787
TSXV:SM,Sierra Madre Gold and Silver Ltd.,TSX Venture Exchange,Other Precious Metals & Mining,234528670
TSXV:GMG,Graphene Manufacturing Group Ltd,TSX Venture Exchange,Specialty Chemicals,295397207
TSXV:TECT,Tectonic Metals Inc.,TSX Venture Exchange,Gold,147058440
TSXV:CBR,Cabral Gold Inc.,TSX Venture Exchange,Gold,290144835
TSXV:MOG,Mogotes Metals Inc.,TSX Venture Exchange,Other Industrial Metals & Mining,256397664
TSXV:PLSR,Pulsar Helium Inc.,TSX Venture Exchange,Other Industrial Metals & Mining,282860127
TSXV:LUCA,Luca Mining Corp.,TSX Venture Exchange,Other Industrial Metals & Mining,280731186
TSXV:HITI,High Tide Inc.,TSX Venture Exchange,Pharmaceutical Retailers,280304522
TSXV:MMY,Monument Mining Limited,TSX Venture Exchange,Gold,276974400
TSXV:PNPN,Power Metallic Mines Inc.,TSX Venture Exchange,Other Industrial Metals & Mining,246423840
TSXV:MACK,Mackay Gold & Silver Corp.,TSX Venture Exchange,Gold,257048880
TSXV:GQC,Goldquest Mining Corp.,TSX Venture Exchange,Other Industrial Metals & Mining,267960951
TSXV:KCP,King Copper Discovery Corp.,TSX Venture Exchange,Other Precious Metals & Mining,262218099
TSXV:CVW,CVW Sustainable Royalties Inc.,TSX Venture Exchange,Other Industrial Metals & Mining,128002088
TSXV:WRLG,West Red Lake Gold Mines Ltd.,TSX Venture Exchange,Gold,256034978
TSXV:CKG,Chesapeake Gold Corp.,TSX Venture Exchange,Other Precious Metals & Mining,256029078
TSXV:PGDC,Patagonia Gold Corp.,TSX Venture Exchange,Other Precious Metals & Mining,253665802
TSXV:HHH,Helius Minerals Limited,TSX Venture Exchange,Other Industrial Metals & Mining,256332144
TSXV:WILD,WildBrain Ltd.,TSX Venture Exchange,Motion Picture and Video Tape Production,
TSXV:CMCG,Power Metallic Mines Inc.,TSX Venture Exchange,Metal Mining,
TSXV:GOT,Goliath Resources Limited,TSX Venture Exchange,Other Precious Metals & Mining,244658820
TSXV:VROY,Vizsla Royalties Corp.,TSX Venture Exchange,Other Industrial Metals & Mining,243236605
TSXV:AMT,AmeriTrust Financial Technologies Inc.,TSX Venture Exchange,Software - Application,162187953
TSXV:LRA,Lara Exploration Ltd.,TSX Venture Exchange,Other Industrial Metals & Mining,194833440
TSXV:HME,Hemisphere Energy Corporation,TSX Venture Exchange,Oil & Gas Exploration & Production,229360653
TSXV:CAPT,Capitan Silver Corp.,TSX Venture Exchange,Other Precious Metals & Mining,195223519
TSXV:NURS,Hydreight Technologies Inc.,TSX Venture Exchange,Health Information Services,230761360
TSXV:AAG,Aftermath Silver Ltd.,TSX Venture Exchange,Other Industrial Metals & Mining,222060150
TSXV:ZNG,Group Eleven Resources Corp.,TSX Venture Exchange,Other Industrial Metals & Mining,225726149
TSXV:AHR,Amarc Resources Ltd.,TSX Venture Exchange,Other Industrial Metals & Mining,225327000
TSXV:SURG,Surge Copper Corp.,TSX Venture Exchange,Other Industrial Metals & Mining,219097600
TSXV:CERT,Cerrado Gold Inc.,TSX Venture Exchange,Gold,217083552
TSXV:MLP,Millennial Potash Corp.,TSX Venture Exchange,Other Industrial Metals & Mining,218694050
TSXV:SCMI,Selkirk Copper Mines Inc.,TSX Venture Exchange,Other Industrial Metals & Mining,219210736
TSXV:LIB,LibertyStream Infrastructure Partners Inc.,TSX Venture Exchange,Other Industrial Metals & Mining,241533360
TSXV:MFG,Mayfair Gold Corp.,TSX Venture Exchange,Gold,183576644
TSXV:SUGR,Sucro Limited,TSX Venture Exchange,Confectioners,216625401
TSXV:ARK,Arras Minerals Corp.,TSX Venture Exchange,Other Precious Metals & Mining,211601192
TSXV:LIFT,Li-FT Power Ltd.,TSX Venture Exchange,Other Industrial Metals & Mining,213828259
TSXV:OGN,Orogen Royalties Inc.,TSX Venture Exchange,Gold,211923540
TSXV:AE,American Eagle Gold Corp.,TSX Venture Exchange,Gold,174939320
TSXV:RVG,Revival Gold Inc.,TSX Venture Exchange,Gold,180170760
TSXV:DE,Decisive Dividend Corporation,TSX Venture Exchange,Conglomerates,205204355
TSXV:GPH,Graphite One Inc.,TSX Venture Exchange,Other Industrial Metals & Mining,167405979
TSXV:PGLD,P2 Gold Inc.,TSX Venture Exchange,Other Precious Metals & Mining,111620501
TSXV:ENA,Enablence Technologies Inc.,TSX Venture Exchange,Communication Equipment,208594928
TSXV:SFR,Sandfire Resources America Inc.,TSX Venture Exchange,Other Industrial Metals & Mining,199553795
TSXV:WPG,West Point Gold Corp.,TSX Venture Exchange,Other Precious Metals & Mining,153688160
TSXV:AURO,Auro Metals Inc.,TSX Venture Exchange,Gold,200268384
TSXV:AUMB,1911 Gold Corporation,TSX Venture Exchange,Gold,195671070
TSXV:BIG,Hercules Metals Corp.,TSX Venture Exchange,Silver,165040650
TSXV:PPP,Prospector Metals Corp.,TSX Venture Exchange,Gold,132801870
TSXV:GHRT,Greenheart Gold Inc.,TSX Venture Exchange,Gold,139157350
TSXV:MGM,Maple Gold Mines Ltd.,TSX Venture Exchange,Gold,140379992
TSXV:PALI,Palisades Goldcorp Ltd.,TSX Venture Exchange,Gold,187263840
TSXV:SEI,Sintana Energy Inc.,TSX Venture Exchange,Oil & Gas Exploration & Production,131683831
TSXV:BMM,Black Mammoth Metals Corporation,TSX Venture Exchange,Other Industrial Metals & Mining,190212640
TSXV:AGX,Silver X Mining Corp.,TSX Venture Exchange,Other Industrial Metals & Mining,134591949
TSXV:NILI,Surge Battery Metals Inc.,TSX Venture Exchange,Other Industrial Metals & Mining,144457639
TSXV:FPC,Falco Resources Ltd.,TSX Venture Exchange,Other Industrial Metals & Mining,180208101
TSXV:FEO,Oceanic Iron Ore Corp.,TSX Venture Exchange,Other Industrial Metals & Mining,187650320
TSXV:LCX,Lycos Energy Inc.,TSX Venture Exchange,Oil & Gas Exploration & Production,164824048
TSXV:SSV,Southern Silver Exploration Corp.,TSX Venture Exchange,Other Precious Metals & Mining,176253990
TSXV:SALT,Atlas Salt Inc.,TSX Venture Exchange,Other Industrial Metals & Mining,175275866
TSXV:KTO,K2 Gold Corporation,TSX Venture Exchange,Gold,111327496
TSXV:APGO,Apollo Silver Corp.,TSX Venture Exchange,Silver,171222946
TSXV:CTH,CoTec Holdings Corp.,TSX Venture Exchange,Asset Management,165530720
TSXV:KLD,Kenorland Minerals Ltd.,TSX Venture Exchange,Other Industrial Metals & Mining,166488192
TSXV:GG,Golconda Gold Ltd.,TSX Venture Exchange,Gold,166365262
TSXV:KFR,Kingfisher Metals Corp.,TSX Venture Exchange,Other Precious Metals & Mining,104934096
TSXV:PPX,PPX Mining Corp.,TSX Venture Exchange,Other Precious Metals & Mining,182576096
TSXV:MGG,Minaurum Silver Inc.,TSX Venture Exchange,Silver,163540211
TSXV:BLU,BluEnergies Ltd.,TSX Venture Exchange,Oil & Gas Exploration & Production,179815792
TSXV:ROCK,Trident Resources Corp.,TSX Venture Exchange,Other Industrial Metals & Mining,163015479
TSXV:EM,Errington Metals Inc.,TSX Venture Exchange,Other,
TSXV:SPA,Spanish Mountain Gold Ltd.,TSX Venture Exchange,Gold,158305840
TSXV:HMT,Halmont Properties Corporation,TSX Venture Exchange,Real Estate Services,162444694
TSXV:RX,BioSyent Inc.,TSX Venture Exchange,Drug Manufacturers - Specialty & Generic,160708115
TSXV:NIM,Nicola Mining Inc.,TSX Venture Exchange,Other Industrial Metals & Mining,134324575
TSXV:AXO,Axo Metals Corp.,TSX Venture Exchange,Copper,97824020
TSXV:WI,The Western Investment Company of Canada Limited,TSX Venture Exchange,Insurance - Diversified,160226064
TSXV:GSI,Gatekeeper Systems Inc.,TSX Venture Exchange,Security & Protection Services,157758622
TSXV:SCOT,Scottie Resources Corp.,TSX Venture Exchange,Other Precious Metals & Mining,104387190
TSXV:GRSL,GR Silver Mining Ltd.,TSX Venture Exchange,Other Industrial Metals & Mining,128174762
TSXV:LG,Lahontan Gold Corp.,TSX Venture Exchange,Other Precious Metals & Mining,136848896
TSXV:CGNT,Copper Giant Resources Corp.,TSX Venture Exchange,Other Precious Metals & Mining,88283625
TSXV:LTH,Lithium Ionic Corp.,TSX Venture Exchange,Other Industrial Metals & Mining,147975750
TSXV:SPRQ,SPARQ Systems Inc.,TSX Venture Exchange,Electrical Equipment & Parts,147338240
TSXV:MMA,Midnight Sun Mining Corp.,TSX Venture Exchange,Other Industrial Metals & Mining,119307311
TSXV:FLCN,Falcon Energy Materials plc,TSX Venture Exchange,Other Industrial Metals & Mining,105557562
TSXV:SVE,Silver One Resources Inc.,TSX Venture Exchange,Silver,115904775
TSXV:FAN,First Atlantic Nickel & Cobalt Corp.,TSX Venture Exchange,Other Industrial Metals & Mining,146288160
TSXV:JUN.A,Juno International Corporation,TSX Venture Exchange,Asset Management,136831360
TSXV:CYG,Cygnus Metals Limited,TSX Venture Exchange,Other Industrial Metals & Mining,134745968
TSXV:DMGI,DMG Blockchain Solutions Inc.,TSX Venture Exchange,Capital Markets,136554988
TSXV:AGAG,Argenta Silver Corp.,TSX Venture Exchange,Silver,136458390
TSXV:OMI,Orosur Mining Inc.,TSX Venture Exchange,Gold,110545333
TSXV:FTZ,Fitzroy Minerals Inc.,TSX Venture Exchange,Other Precious Metals & Mining,116105850
TSXV:BOGO,Borealis Mining Company Limited,TSX Venture Exchange,Other Industrial Metals & Mining,130946240
TSXV:EXN,Excellon Resources Inc.,TSX Venture Exchange,Silver,47200482
TSXV:LTC,Lotus Creek Exploration Inc.,TSX Venture Exchange,Oil & Gas Exploration & Production,133950696
TSXV:NET.UN,Canadian Net Real Estate Investment Trust,TSX Venture Exchange,REIT - Diversified,132017120
TSXV:KTN,Kootenay Silver Inc.,TSX Venture Exchange,Silver,130915490
TSXV:AXL,Arrow Exploration Corp.,TSX Venture Exchange,Oil & Gas Exploration & Production,131497600
TSXV:GGO,Galleon Gold Corp.,TSX Venture Exchange,Gold,73745450
TSXV:TDG,TDG Gold Corp.,TSX Venture Exchange,Other Industrial Metals & Mining,130160341
TSXV:DMX,District Metals Corp.,TSX Venture Exchange,Other Industrial Metals & Mining,129735446
TSXV:ONYX,Onyx Gold Corp.,TSX Venture Exchange,Gold,125675960
TSXV:YARR,Pirate Gold Corp.,TSX Venture Exchange,Gold,128037953
TSXV:NRC,Nations Royalty Corp.,TSX Venture Exchange,Other Industrial Metals & Mining,9519062
TSXV:BILD,BuildDirect.com Technologies Inc.,TSX Venture Exchange,Home Improvement Retail,130549704
TSXV:TPL,Tethys Petroleum Limited,TSX Venture Exchange,Oil & Gas Exploration & Production,126342973
TSXV:PKT,Parkit Enterprise Inc.,TSX Venture Exchange,Real Estate Services,126206681
TSXV:OGO,Organto Foods Inc.,TSX Venture Exchange,Food Distribution,104878288
TSXV:LITH,Lithium Chile Inc.,TSX Venture Exchange,Other Industrial Metals & Mining,125004582
TSXV:FPX,FPX Nickel Corp.,TSX Venture Exchange,Other Industrial Metals & Mining,124674681
TSXV:TUF,Honey Badger Silver Inc.,TSX Venture Exchange,Other Precious Metals & Mining,91626815
TSXV:AGA,Silver47 Exploration Corp.,TSX Venture Exchange,Other Precious Metals & Mining,102246917
TSXV:TUNG,American Tungsten Corp.,TSX Venture Exchange,Other Industrial Metals & Mining,123701400
TSXV:BRAU,Big Ridge Gold Corp.,TSX Venture Exchange,Gold,86788390
TSXV:OCO,Oroco Resource Corp.,TSX Venture Exchange,Other Industrial Metals & Mining,93359700
TSXV:LI,American Lithium Corp.,TSX Venture Exchange,Other Industrial Metals & Mining,100737769
TSXV:PWM,Power Metals Corp.,TSX Venture Exchange,Other Industrial Metals & Mining,97580140
TSXV:FL,Frontier Lithium Inc.,TSX Venture Exchange,Other Industrial Metals & Mining,116513674
TSXV:NEXM,NexMetals Mining Corp.,TSX Venture Exchange,Other Industrial Metals & Mining,113717643
TSXV:PESO,PesoRama Inc.,TSX Venture Exchange,Discount Stores,99124995
TSXV:HI,Highland Copper Company Inc.,TSX Venture Exchange,Copper,118110080
TSXV:SOI,Sirios Resources Inc.,TSX Venture Exchange,Gold,64705681
TSXV:EMPR,Empress Royalty Corp.,TSX Venture Exchange,Other Precious Metals & Mining,112151389
TSXV:LGC,Lavras Gold Corp.,TSX Venture Exchange,Gold,110159278
TSXV:THM,"Thunder Mountain Gold, Inc.",TSX Venture Exchange,Other Precious Metals & Mining,112206695
TSXV:ECR,Cartier Resources Inc.,TSX Venture Exchange,Gold,109309200
TSXV:AUUA,Aluula Composites Inc.,TSX Venture Exchange,Textile Manufacturing,99694184
TSXV:NCAU,Newcore Gold Ltd.,TSX Venture Exchange,Gold,106316518
TSXV:TUO,Teuton Resources Corp.,TSX Venture Exchange,Other Precious Metals & Mining,101503979
TSXV:AEC,Anfield Energy Inc.,TSX Venture Exchange,Uranium,104668762
TSXV:MJS,Majestic Gold Corp.,TSX Venture Exchange,Gold,104266438
TSXV:SGQ,SouthGobi Resources Ltd.,TSX Venture Exchange,Thermal Coal,103944632
TSXV:HAN,Hannan Metals Ltd.,TSX Venture Exchange,Other Industrial Metals & Mining,101372154
TSXV:IPT,IMPACT Silver Corp.,TSX Venture Exchange,Silver,80863307
TSXV:VCU,Vizsla Copper Corp.,TSX Venture Exchange,Copper,38001054
TSXV:EMO,Emerita Resources Corp.,TSX Venture Exchange,Other Industrial Metals & Mining,99369029
TSXV:RET,Reitmans (Canada) Limited,TSX Venture Exchange,Apparel Retail,105076287
TSXV:RET.A,Reitmans (Canada) Limited,TSX Venture Exchange,Apparel Retail,103074834
TSXV:CVV,CanAlaska Uranium Ltd.,TSX Venture Exchange,Other Industrial Metals & Mining,99051903
TSXV:NKL,Nickel 28 Capital Corp.,TSX Venture Exchange,Other Industrial Metals & Mining,99146009
TSXV:EDCU,Edge Copper Corporation,TSX Venture Exchange,Copper,70242368
TSXV:CCCM,C3 Metals Inc.,TSX Venture Exchange,Other Industrial Metals & Mining,77910144
TSXV:NSE,New Stratus Energy Inc.,TSX Venture Exchange,Oil & Gas Exploration & Production,97531800
TSXV:SUM,Summit Royalties Ltd.,TSX Venture Exchange,Other Precious Metals & Mining,96840496
TSXV:ETL,E3 Lithium Limited,TSX Venture Exchange,Other Industrial Metals & Mining,82288461
TSXV:RCK,Rock Tech Lithium Inc.,TSX Venture Exchange,Other Industrial Metals & Mining,95999988
TSXV:ADE,Adex Mining Inc.,TSX Venture Exchange,Other Industrial Metals & Mining,94809608
TSXV:MSR,Minsud Resources Corp.,TSX Venture Exchange,Other Industrial Metals & Mining,94789752
TSXV:ADY,Adyton Resources Corporation,TSX Venture Exchange,Other Precious Metals & Mining,92937352
TSXV:VMXX,Valhalla Metals Inc.,TSX Venture Exchange,Other Industrial Metals & Mining,160182848
TSXV:SHL,Homeland Nickel Inc.,TSX Venture Exchange,Other Industrial Metals & Mining,92060520
TSXV:ATLE,Atlas Energy Corp.,TSX Venture Exchange,Oil & Gas Midstream,91268704
TSXV:INTR,Intrepid Metals Corp.,TSX Venture Exchange,Other Industrial Metals & Mining,44401143
TSXV:SYH,Skyharbour Resources Ltd.,TSX Venture Exchange,Other Industrial Metals & Mining,85898805
TSXV:JEV,Jericho Energy Ventures Inc.,TSX Venture Exchange,Oil & Gas Exploration & Production,89157672
TSXV:ZEN,Zentek Ltd.,TSX Venture Exchange,Medical Instruments & Supplies,76356240
TSXV:FUU,F3 Uranium Corp.,TSX Venture Exchange,Uranium,85300509
TSXV:WVM,West Vault Mining Inc.,TSX Venture Exchange,Gold,88274860
TSXV:BQE,BQE Water Inc.,TSX Venture Exchange,Waste Management,87951176
TSXV:SGO,Sonoro Gold Corp.,TSX Venture Exchange,Other Precious Metals & Mining,53320746
TSXV:NVRO,NVRO Metals Limited,TSX Venture Exchange,Other Precious Metals & Mining,100562320
TSXV:COSA,Cosa Resources Corp.,TSX Venture Exchange,Other Industrial Metals & Mining,74578104
TSXV:PCRX,PharmaCorp Rx Inc.,TSX Venture Exchange,Pharmaceutical Retailers,88781648
TSXV:YGT,Gold Terra Resource Corp.,TSX Venture Exchange,Gold,86736785
TSXV:SCD,Scandium Canada Ltd.,TSX Venture Exchange,Other Industrial Metals & Mining,86229367
TSXV:SGN,Scorpio Gold Corporation,TSX Venture Exchange,Gold,63689460
TSXV:FMAN,Freeman Gold Corp.,TSX Venture Exchange,Gold,70490280
TSXV:ORC.B,Orca Energy Group Inc.,TSX Venture Exchange,Oil & Gas Exploration & Production,50904987
TSXV:ORC.A,Orca Energy Group Inc.,TSX Venture Exchange,Oil & Gas Exploration & Production,396026176
TSXV:ARIC,Awalé Resources Limited,TSX Venture Exchange,Gold,85677790
TSXV:EDG,Endurance Gold Corporation,TSX Venture Exchange,Gold,85010473
TSXV:BRO,Barksdale Resources Corp.,TSX Venture Exchange,Other Industrial Metals & Mining,55976490
TSXV:SOMA,Soma Gold Corp.,TSX Venture Exchange,Gold,67709890
TSXV:PGE,Stillwater Critical Minerals Corp.,TSX Venture Exchange,Other Industrial Metals & Mining,83936994
TSXV:ABI,Abcourt Mines Inc.,TSX Venture Exchange,Gold,83534410
TSXV:ASTR,Astra Exploration Inc.,TSX Venture Exchange,Other Precious Metals & Mining,69470650
TSXV:DAN,Arianne Phosphate Inc.,TSX Venture Exchange,Other Industrial Metals & Mining,82095286
TSXV:AFE,Africa Energy Corp.,TSX Venture Exchange,Oil & Gas Exploration & Production,81457617
TSXV:CRE,Critical Elements Lithium Corporation,TSX Venture Exchange,Other Industrial Metals & Mining,81213885
TSXV:NDA,Neptune Digital Assets Corp.,TSX Venture Exchange,Capital Markets,80817030
TSXV:SECU,SSC Security Services Corp.,TSX Venture Exchange,Security & Protection Services,79817980
TSXV:PALS,Paragon Advanced Labs Inc.,TSX Venture Exchange,Scientific & Technical Instruments,80776728
TSXV:GWM,Galway Metals Inc.,TSX Venture Exchange,Gold,76404526
TSXV:REVX,Rev Exploration Corp.,TSX Venture Exchange,Gold,77490072
TSXV:NKG,Nevada King Gold Corp.,TSX Venture Exchange,Other Industrial Metals & Mining,64759234
TSXV:ELBM,Electra Battery Materials Corporation,TSX Venture Exchange,Other Industrial Metals & Mining,13108650
TSXV:ROS,Roscan Gold Corporation,TSX Venture Exchange,Gold,76740073
TSXV:BEW,BeWhere Holdings Inc.,TSX Venture Exchange,Communication Equipment,76715715
TSXV:SERV,Elevate Service Group Inc.,TSX Venture Exchange,Specialty Business Services,79588248
TSXV:EPF,Everyday People Financial Corp.,TSX Venture Exchange,Credit Services,75157344
TSXV:HPQ,HPQ Silicon Inc.,TSX Venture Exchange,Other Industrial Metals & Mining,75427524
TSXV:EOX,Euromax Resources Ltd.,TSX Venture Exchange,Other Industrial Metals & Mining,84358576
TSXV:UGD,Unigold Inc.,TSX Venture Exchange,Gold,74536840
TSXV:ARGH,Argo Corporation,TSX Venture Exchange,Software - Application,72883448
TSXV:ESK,Eskay Mining Corp.,TSX Venture Exchange,Other Industrial Metals & Mining,72696421
TSXV:AUAU,A2 Gold Corp.,TSX Venture Exchange,Gold,54770134
TSXV:HAM,Highwood Asset Management Ltd.,TSX Venture Exchange,Oil & Gas Exploration & Production,66284192
TSXV:LVX,Leviathan Metals Corp.,TSX Venture Exchange,Gold,37481306
TSXV:NWST,NorthWest Copper Corp.,TSX Venture Exchange,Other Industrial Metals & Mining,70770715
TSXV:PEAK,Sun Peak Metals Corp.,TSX Venture Exchange,Other Precious Metals & Mining,66507968
TSXV:TIGR,Tiger Gold Corp.,TSX Venture Exchange,Gold,65637460
TSXV:TLT,Theralase Technologies Inc.,TSX Venture Exchange,Medical Devices,60408630
TSXV:GLDC,Cassiar Gold Corp.,TSX Venture Exchange,Gold,69446135
TSXV:DB,Decibel Cannabis Company Inc.,TSX Venture Exchange,Drug Manufacturers - Specialty & Generic,69228000
TSXV:WHN,Westhaven Gold Corp.,TSX Venture Exchange,Gold,68938880
TSXV:AGLD,Austral Gold Limited,TSX Venture Exchange,Other Precious Metals & Mining,83512960
TSXV:KDK,Kodiak Copper Corp.,TSX Venture Exchange,Other Precious Metals & Mining,68714164
TSXV:RARE,Tactical Resources Corp.,TSX Venture Exchange,Other Industrial Metals & Mining,70987096
TSXV:GPAC,Great Pacific Gold Corp.,TSX Venture Exchange,Gold,53228128
TSXV:RYR,Royal Road Minerals Limited,TSX Venture Exchange,Gold,68463810
TSXV:AZS,Arizona Gold & Silver Inc.,TSX Venture Exchange,Other Precious Metals & Mining,68481808
TSXV:EBM,Eastwood Bio-Medical Canada Inc.,TSX Venture Exchange,Food Distribution,68197109
TSXV:NOAL,NOA Lithium Brines Inc.,TSX Venture Exchange,Other Industrial Metals & Mining,65072368
TSXV:OYL,CGX Energy Inc.,TSX Venture Exchange,Oil & Gas Exploration & Production,67709800
TSXV:PGZ,Pan Global Resources Inc.,TSX Venture Exchange,Other Industrial Metals & Mining,60105540
TSXV:LEM,Leading Edge Materials Corp.,TSX Venture Exchange,Other Industrial Metals & Mining,66957800
TSXV:GFG,GFG Resources Inc,TSX Venture Exchange,Gold,66925100
TSXV:GPG,Grande Portage Resources Ltd.,TSX Venture Exchange,Gold,64575360
TSXV:NXLV,NexLiving Communities Inc.,TSX Venture Exchange,Real Estate Services,61666428
TSXV:EQ,EQ Inc.,TSX Venture Exchange,Advertising Agencies,66114259
TSXV:TSG,"TriStar Gold, Inc.",TSX Venture Exchange,Gold,48255075
TSXV:AAN,Aton Resources Inc.,TSX Venture Exchange,Other Industrial Metals & Mining,65001751
TSXV:RPX,RPX Gold Inc.,TSX Venture Exchange,Gold,52469006
TSXV:DEF,Defiance Silver Corp.,TSX Venture Exchange,Other Precious Metals & Mining,63947370
TSXV:SRL,Salazar Resources Limited,TSX Venture Exchange,Other Industrial Metals & Mining,63485663
TSXV:GSR,Gold Strike Resources Corp.,TSX Venture Exchange,Gold,31187631
TSXV:BMR,Battery Mineral Resources Corp.,TSX Venture Exchange,Other Industrial Metals & Mining,62689256
TSXV:DRY,Dryden Gold Corp.,TSX Venture Exchange,Other Precious Metals & Mining,66834352
TSXV:B,BCM Resources Corporation,TSX Venture Exchange,Other Industrial Metals & Mining,58346904
TSXV:XBOT,Realbotix Corp.,TSX Venture Exchange,Computer Hardware,61502132
TSXV:SWAN,Black Swan Graphene Inc.,TSX Venture Exchange,Chemicals,65327688
TSXV:AZM,Azimut Exploration Inc.,TSX Venture Exchange,Other Industrial Metals & Mining,62482980
TSXV:SEVA,Seva Mining Corp.,TSX Venture Exchange,Gold,61927008
TSXV:EQTY,Equity Metals Corporation,TSX Venture Exchange,Other Precious Metals & Mining,50543117
TSXV:ARCH,Arch Biopartners Inc.,TSX Venture Exchange,Biotechnology,64536625
TSXV:WOLF,Grey Wolf Animal Health Corp.,TSX Venture Exchange,Personal Services,61741280
TSXV:MNLX,MiniLuxe Holding Corp.,TSX Venture Exchange,Personal Services,58616816
TSXV:WMK,Whitemud Resources Inc.,TSX Venture Exchange,Other Industrial Metals & Mining,63092052
TSXV:DEFN,Defense Metals Corp.,TSX Venture Exchange,Other Industrial Metals & Mining,60880055
TSXV:NMC,Nuvau Minerals Inc.,TSX Venture Exchange,Other Industrial Metals & Mining,61140224
TSXV:OTC,Ocumetics Technology Corp.,TSX Venture Exchange,Medical Instruments & Supplies,27160877
TSXV:COV,Covalon Technologies Ltd.,TSX Venture Exchange,Medical Instruments & Supplies,61035950
TSXV:TNR,TNR Gold Corp.,TSX Venture Exchange,Other Industrial Metals & Mining,60710852
TSXV:KLDC,Kirkland Lake Discoveries Corp.,TSX Venture Exchange,Gold,33221425
TSXV:IBAT,International Battery Metals Ltd.,TSX Venture Exchange,Other Industrial Metals & Mining,64192288
TSXV:GTC,Getty Copper Inc.,TSX Venture Exchange,Other Industrial Metals & Mining,54578132
TSXV:OGW,Ongwe Minerals Inc.,TSX Venture Exchange,Gold,56336356
TSXV:WAM,Alaska Silver Corp.,TSX Venture Exchange,Other Precious Metals & Mining,29592552
TSXV:DDD,Metavista3D Inc.,TSX Venture Exchange,Software - Application,62594360
TSXV:CAM,Cascadia Minerals Ltd.,TSX Venture Exchange,Other Precious Metals & Mining,20601110
TSXV:ANK,Angkor Resources Corp.,TSX Venture Exchange,Gold,57825034
TSXV:KC,Kutcho Copper Corp.,TSX Venture Exchange,Other Industrial Metals & Mining,58137971
TSXV:RK,Rockhaven Resources Ltd.,TSX Venture Exchange,Other Precious Metals & Mining,57096612
TSXV:ROK,ROK Resources Inc.,TSX Venture Exchange,Oil & Gas Exploration & Production,56618640
TSXV:LME,Laurion Mineral Exploration Inc.,TSX Venture Exchange,Gold,55743200
TSXV:GSP,Gensource Potash Corporation,TSX Venture Exchange,Other Industrial Metals & Mining,56204152
TSXV:ONE,01 Quantum Inc.,TSX Venture Exchange,Software - Application,55710360
TSXV:AVN,Avanti Helium Corp.,TSX Venture Exchange,Oil & Gas Exploration & Production,55248980
TSXV:ZAU,Zodiac Gold Inc.,TSX Venture Exchange,Gold,24955714
TSXV:LEGY,Legacy Gold Mines Ltd.,TSX Venture Exchange,Gold,56833624
TSXV:GIP,Green Impact Partners Inc.,TSX Venture Exchange,Waste Management,48279983
TSXV:VITA,Vitalist Inc.,TSX Venture Exchange,Information Technology Services,41376177
TSXV:BPAG,BP Silver Corp.,TSX Venture Exchange,Silver,52036148
TSXV:AZEM,Arizona Eagle Mining Corp.,TSX Venture Exchange,Other Industrial Metals & Mining,48516812
TSXV:CTM,Canterra Minerals Corporation,TSX Venture Exchange,Other Precious Metals & Mining,53041755
TSXV:TAJ,Tajiri Resources Corp.,TSX Venture Exchange,Gold,37999337
TSXV:HART,Gold Hart Copper Corp.,TSX Venture Exchange,Other Precious Metals & Mining,59468684
TSXV:LIO,Lion One Metals Limited,TSX Venture Exchange,Gold,41360064
TSXV:GLB,Goldbank Mining Corporation,TSX Venture Exchange,Gold,51961836
TSXV:VUL,Vulcan Minerals Inc.,TSX Venture Exchange,Other Industrial Metals & Mining,51960959
TSXV:MHUB,Minehub Technologies Inc.,TSX Venture Exchange,Software - Application,51896555
TSXV:ALTA,Altamira Gold Corp.,TSX Venture Exchange,Gold,51883368
TSXV:LVG,Lake Victoria Gold Ltd.,TSX Venture Exchange,Gold,38769943
TSXV:MD,Midland Exploration Inc.,TSX Venture Exchange,Other Industrial Metals & Mining,46883795
TSXV:FTUR,Future Fuels Inc.,TSX Venture Exchange,Other Industrial Metals & Mining,51245672
TSXV:NRX,NurExone Biologic Inc.,TSX Venture Exchange,Biotechnology,50625216
TSXV:TK,Tinka Resources Limited,TSX Venture Exchange,Other Industrial Metals & Mining,6212194
TSXV:BUFF,Buffalo Potash Corp.,TSX Venture Exchange,Other Industrial Metals & Mining,35874536
TSXV:ALEX,Alpha Exploration Ltd.,TSX Venture Exchange,Other Precious Metals & Mining,22542317
TSXV:BRM,BioRem Inc.,TSX Venture Exchange,Pollution & Treatment Controls,50597037
TSXV:IVS,Inventus Mining Corp.,TSX Venture Exchange,Gold,50547544
TSXV:PHNM,Phenom Resources Corp.,TSX Venture Exchange,Gold,50268322
TSXV:HMR,Homerun Resources Inc.,TSX Venture Exchange,Gold,50266645
TSXV:XXIX,XXIX Metal Corp.,TSX Venture Exchange,Copper,37148958
TSXV:CANX,CANEX Metals Inc.,TSX Venture Exchange,Gold,35268116
TSXV:PUR,Premier American Uranium Inc.,TSX Venture Exchange,Uranium,35182436
TSXV:BLM,BluMetric Environmental Inc.,TSX Venture Exchange,Waste Management,39637268
TSXV:PRG,Precipitate Gold Corp.,TSX Venture Exchange,Gold,33243585
TSXV:ZOMD,Zoomd Technologies Ltd.,TSX Venture Exchange,Internet Content & Information,49137247
TSXV:MIR,MedMira Inc.,TSX Venture Exchange,Biotechnology,49121141
TSXV:MMG,Metallic Minerals Corp.,TSX Venture Exchange,Other Precious Metals & Mining,42563973
TSXV:VIPR,Silver Viper Minerals Corp.,TSX Venture Exchange,Other Precious Metals & Mining,29162555
TSXV:LCE,Century Lithium Corp.,TSX Venture Exchange,Other Industrial Metals & Mining,47840052
TSXV:BBB,Brixton Metals Corporation,TSX Venture Exchange,Other Precious Metals & Mining,47490981
TSXV:CTRL,Edge Total Intelligence Inc.,TSX Venture Exchange,Software - Infrastructure,33428153
TSXV:SAGA,Saga Metals Corp.,TSX Venture Exchange,Other Industrial Metals & Mining,38062624
TSXV:FMS,Focus Graphite Inc.,TSX Venture Exchange,Other Industrial Metals & Mining,46469526
TSXV:SAG,Sterling Metals Corp.,TSX Venture Exchange,Other Industrial Metals & Mining,30920800
TSXV:FRSH,The Fresh Factory B.C. Ltd.,TSX Venture Exchange,Packaged Foods,45366208
TSXV:UFC,Urbanfund Corp.,TSX Venture Exchange,Real Estate - Diversified,45822140
TSXV:KG,Klondike Gold Corp.,TSX Venture Exchange,Gold,41887958
TSXV:GBU,Gabriel Resources Ltd.,TSX Venture Exchange,Other Precious Metals & Mining,36850000
TSXV:VIO,Vior Gold Corporation Inc.,TSX Venture Exchange,Gold,45716676
TSXV:AUM,AuMEGA Metals Ltd,TSX Venture Exchange,Gold,31024740
TSXV:TIG,Triumph Gold Corp.,TSX Venture Exchange,Other Industrial Metals & Mining,38246544
TSXV:SRR,Source Rock Royalties Ltd.,TSX Venture Exchange,Oil & Gas Midstream,45126900
TSXV:SDI,Stampede Drilling Inc.,TSX Venture Exchange,Oil & Gas Drilling,45124428
TSXV:NPR,North Peak Resources Ltd.,TSX Venture Exchange,Gold,44976278
TSXV:GUN,Gunpoint Exploration Ltd.,TSX Venture Exchange,Other Precious Metals & Mining,44827448
TSXV:BKM,Pacific Booker Minerals Inc.,TSX Venture Exchange,Other Industrial Metals & Mining,38233281
TSXV:NBM,NEO Battery Materials Ltd.,TSX Venture Exchange,Other Industrial Metals & Mining,41134329
TSXV:SRC,Stakeholder Gold Corp.,TSX Venture Exchange,Gold,42336652
TSXV:SCY,Scandium International Mining Corp.,TSX Venture Exchange,Other Industrial Metals & Mining,46452572
TSXV:MENE,Mene Inc.,TSX Venture Exchange,Luxury Goods,44178407
TSXV:GMA,Geomega Resources Inc.,TSX Venture Exchange,Other Industrial Metals & Mining,43804313
TSXV:FOR,Fortune Bay Corp.,TSX Venture Exchange,Gold,44036483
TSXV:NMI,Namibia Critical Metals Inc.,TSX Venture Exchange,Other Industrial Metals & Mining,43213554
TSXV:AZT,Aztec Minerals Corp.,TSX Venture Exchange,Other Industrial Metals & Mining,33079050
TSXV:ONAU,ONGold Resources Ltd.,TSX Venture Exchange,Gold,15402164
TSXV:A.H,Armor Minerals Inc.,TSX Venture Exchange,Metal Mining,
TSXV:XGC,Xali Gold Corp.,TSX Venture Exchange,Other Precious Metals & Mining,40097960
TSXV:FCLI,Full Circle Lithium Corp.,TSX Venture Exchange,Other Industrial Metals & Mining,41498176
TSXV:COR,Camino Minerals Corporation,TSX Venture Exchange,Other Industrial Metals & Mining,18664264
TSXV:RGC,Relevant Gold Corp.,TSX Venture Exchange,Gold,48844696
TSXV:UVC,Illumisoft Lighting Corp.,TSX Venture Exchange,Electrical Equipment & Parts,37400444
TSXV:YES,CHAR Technologies Ltd.,TSX Venture Exchange,Waste Management,41449870
TSXV:FHYD,First Hydrogen Corp.,TSX Venture Exchange,Auto Manufacturers,35339625
TSXV:MSG,Mithril Silver and Gold Limited,TSX Venture Exchange,Other Industrial Metals & Mining,48746816
TSXV:VML,Viscount Mining Corp.,TSX Venture Exchange,Other Precious Metals & Mining,40876595
TSXV:EDM,EDM Resources Inc.,TSX Venture Exchange,Other Industrial Metals & Mining,38345784
TSXV:FOXT,Fox Tungsten Ltd.,TSX Venture Exchange,Other Industrial Metals & Mining,43981840
TSXV:CCDS,Carrier Connect Data Solutions Inc.,TSX Venture Exchange,Information Technology Services,40726360
TSXV:BRW,Brunswick Exploration Inc.,TSX Venture Exchange,Other Industrial Metals & Mining,40946859
TSXV:AEP,Atlas Engineered Products Ltd.,TSX Venture Exchange,Building Products & Equipment,40890433
TSXV:PINK,"Perimeter Medical Imaging AI, Inc.",TSX Venture Exchange,Medical Devices,24634020
TSXV:RME,Roland Mineral Enterprises Corp.,TSX Venture Exchange,Other Industrial Metals & Mining,31066260
TSXV:WHY,West High Yield (W.H.Y.) Resources Ltd.,TSX Venture Exchange,Other Industrial Metals & Mining,40480994
TSXV:EML,Electric Metals (USA) Limited,TSX Venture Exchange,Silver,39367268
TSXV:QZM,Quartz Mountain Resources Ltd.,TSX Venture Exchange,Other Industrial Metals & Mining,40291497
TSXV:IEI,Imperial Equities Inc.,TSX Venture Exchange,Real Estate Services,34497033
TSXV:TVI,TVI Pacific Inc.,TSX Venture Exchange,Other Industrial Metals & Mining,40072287
TSXV:VCI,Vitreous Glass Inc.,TSX Venture Exchange,Waste Management,40043115
TSXV:ZYUS,ZYUS Life Sciences Corporation,TSX Venture Exchange,Drug Manufacturers - Specialty & Generic,39635416
TSXV:MUN,Mundoro Capital Inc.,TSX Venture Exchange,Other Industrial Metals & Mining,35884220
TSXV:QGR,Q-Gold Resources Ltd.,TSX Venture Exchange,Other Precious Metals & Mining,41668268
TSXV:SMN,Sun Summit Minerals Corp.,TSX Venture Exchange,Other Industrial Metals & Mining,27437037
TSXV:MMET,Miata Metals Corp.,TSX Venture Exchange,Other Industrial Metals & Mining,39169832
TSXV:STUD,Stallion Uranium Corp.,TSX Venture Exchange,Other Industrial Metals & Mining,40535784
TSXV:KCC,Kincora Copper Limited,TSX Venture Exchange,Copper,239211220
TSXV:ATY,Atico Mining Corporation,TSX Venture Exchange,Other Industrial Metals & Mining,38990680
TSXV:CCEC,Cancambria Energy Corp.,TSX Venture Exchange,Oil & Gas Exploration & Production,38888152
TSXV:JUGR,Juggernaut Exploration Ltd.,TSX Venture Exchange,Other Industrial Metals & Mining,38861311
TSXV:SPOT,EarthLabs Inc.,TSX Venture Exchange,Information Technology Services,38797668
TSXV:LAF,Lithium Africa Corp.,TSX Venture Exchange,Other Industrial Metals & Mining,39965308
TSXV:BTR,Bonterra Resources Inc.,TSX Venture Exchange,Gold,30334500
TSXV:DLP,DLP Resources Inc.,TSX Venture Exchange,Other Industrial Metals & Mining,29240856
TSXV:NLH,Nova Leap Health Corp.,TSX Venture Exchange,Medical Care Facilities,37981700
TSXV:VLC,Velocity Minerals Ltd.,TSX Venture Exchange,Gold,37838579
TSXV:STRR,Star Royalties Ltd.,TSX Venture Exchange,Other Precious Metals & Mining,37788212
TSXV:PX,Pelangio Exploration Inc.,TSX Venture Exchange,Other Industrial Metals & Mining,29664033
TSXV:CMI,C-Com Satellite Systems Inc.,TSX Venture Exchange,Communication Equipment,37608285
TSXV:JAY,Blue Jay Gold Corp.,TSX Venture Exchange,Gold,35662672
TSXV:PLAN,Progressive Planet Solutions Inc.,TSX Venture Exchange,Other Industrial Metals & Mining,37451661
TSXV:TITI,Titiminas Silver Inc.,TSX Venture Exchange,Other Industrial Metals & Mining,37340772
TSXV:TGOL,Thunder Gold Corp.,TSX Venture Exchange,Other Industrial Metals & Mining,33762955
TSXV:WEX,Western Exploration Inc.,TSX Venture Exchange,Other Precious Metals & Mining,31023852
TSXV:ARH,Altima Energy Inc.,TSX Venture Exchange,Oil & Gas Exploration & Production,26778226
TSXV:PVT,Pivotree Inc.,TSX Venture Exchange,Information Technology Services,36645430
TSXV:WIL,Wilton Resources Inc.,TSX Venture Exchange,Oil & Gas Exploration & Production,36387952
TSXV:LSL,LSL Pharma Group Inc.,TSX Venture Exchange,Drug Manufacturers - Specialty & Generic,40553540
TSXV:MERG,Metal Energy Corp.,TSX Venture Exchange,Other Industrial Metals & Mining,21722064
TSXV:FNC,Fancamp Exploration Ltd.,TSX Venture Exchange,Other Industrial Metals & Mining,36067815
TSXV:RSS,RESAAS Services Inc.,TSX Venture Exchange,Software - Application,36135910
TSXV:GEMG,Gemdale Gold Inc.,TSX Venture Exchange,Gold,36981476
TSXV:VCG,Visionary Copper and Gold Mines Inc.,TSX Venture Exchange,Other Industrial Metals & Mining,27121866
TSXV:CD,Cantex Mine Development Corp.,TSX Venture Exchange,Other Industrial Metals & Mining,29461050
TSXV:CLM,Consolidated Lithium Metals Inc.,TSX Venture Exchange,Other Industrial Metals & Mining,32809336
TSXV:NCI,NTG Clarity Networks Inc.,TSX Venture Exchange,Software - Application,35518300
TSXV:EMNT,Eminent Gold Corp.,TSX Venture Exchange,Other Industrial Metals & Mining,35669747
TSXV:BAU,Blue Star Gold Corp.,TSX Venture Exchange,Gold,32806045
TSXV:NXH,Next Hydrogen Solutions Inc.,TSX Venture Exchange,Specialty Industrial Machinery,12735336
TSXV:KNG,Kingsmen Resources Ltd.,TSX Venture Exchange,Other Industrial Metals & Mining,34523088
TSXV:KRI,Kobo Resources Inc.,TSX Venture Exchange,Gold,27065172
TSXV:DAU,Desert Gold Ventures Inc.,TSX Venture Exchange,Other Industrial Metals & Mining,25696740
TSXV:ESAF,Syntholene Energy Corp.,TSX Venture Exchange,Petroleum Refining,
TSXV:CHER,Cheelcare Inc.,TSX Venture Exchange,Medical Devices,33369420
TSXV:XX,Avante Corp.,TSX Venture Exchange,Security & Protection Services,34110386
TSXV:V,Verdera Energy Corp.,TSX Venture Exchange,Uranium,34077596
TSXV:OML,Omni-Lite Industries Canada Inc.,TSX Venture Exchange,Metal Fabrication,34360192
TSXV:NPTH,NeuPath Health Inc.,TSX Venture Exchange,Medical Care Facilities,32584856
TSXV:CCMM,Coyote Copper Mines Inc.,TSX Venture Exchange,Copper,33895852
TSXV:CTZ,NamSys Inc.,TSX Venture Exchange,Software - Application,33296396
TSXV:CEC,CanAsia Energy Corp.,TSX Venture Exchange,Oil & Gas Exploration & Production,33274203
TSXV:AMM,Almaden Minerals Ltd.,TSX Venture Exchange,Gold,32967164
TSXV:SMD,Strategic Metals Ltd.,TSX Venture Exchange,Other Industrial Metals & Mining,31650950
TSXV:PNTR,Pantera Silver Corp.,TSX Venture Exchange,Other Precious Metals & Mining,30337833
TSXV:ENW,EnWave Corporation,TSX Venture Exchange,Specialty Industrial Machinery,32647098
TSXV:SRA,Stria Lithium Inc.,TSX Venture Exchange,Other Industrial Metals & Mining,32437621
TSXV:SCAN,"Liberty Defense Holdings, Ltd.",TSX Venture Exchange,Security & Protection Services,5898325
TSXV:NXG,NexgenRx Inc.,TSX Venture Exchange,Health Information Services,33069468
TSXV:CH,Charbone Corporation,TSX Venture Exchange,Chemicals,18030907
TSXV:VM,Voyageur Pharmaceuticals Ltd.,TSX Venture Exchange,Drug Manufacturers - Specialty & Generic,25126621
TSXV:FCA.UN,Firm Capital Apartment Real Estate Investment Trust,TSX Venture Exchange,REIT - Residential,34143664
TSXV:MAPS,ProStar Holdings Inc.,TSX Venture Exchange,Software - Application,30685589
TSXV:HEVI,Helium Evolution Incorporated,TSX Venture Exchange,Oil & Gas Exploration & Production,19016302
TSXV:RSM,Resouro Strategic Metals Inc.,TSX Venture Exchange,Gold,31739062
TSXV:CLCO,Culico Metals Inc.,TSX Venture Exchange,Asset Management,30678737
TSXV:LBNK,LithiumBank Resources Corp.,TSX Venture Exchange,Other Industrial Metals & Mining,30596820
TSXV:OTS.H,Optimus Gold Corp.,TSX Venture Exchange,Other Industrial Metals & Mining,30517978
TSXV:DTEA,DAVIDsTEA Inc.,TSX Venture Exchange,Packaged Foods,28426380
TSXV:CSOC.B,Canso Select Opportunities Corporation,TSX Venture Exchange,Asset Management,30006012
TSXV:CSOC.A,Canso Select Opportunities Corporation,TSX Venture Exchange,Asset Management,28857958
TSXV:GIII,ReGen III Corp.,TSX Venture Exchange,Oil & Gas Refining & Marketing,26234325
TSXV:MANU,Manhattan Uranium Discovery Corp.,TSX Venture Exchange,Gold,42381000
TSXV:RAK,Rackla Metals Inc.,TSX Venture Exchange,Gold,27464241
TSXV:SHRX,Sharp Therapeutics Corp.,TSX Venture Exchange,Biotechnology,30075700
TSXV:ROMJ,Rubicon Organics Inc.,TSX Venture Exchange,Drug Manufacturers - Specialty & Generic,29893231
TSXV:EMM,Giyani Metals Corp.,TSX Venture Exchange,Other Industrial Metals & Mining,24688170
TSXV:OZ,Valkea Resources Corp,TSX Venture Exchange,Gold,14139720
TSXV:FTRC,The FUTR Corporation,TSX Venture Exchange,Software - Infrastructure,25071712
TSXV:PJX,PJX Resources Inc.,TSX Venture Exchange,Other Industrial Metals & Mining,29906966
TSXV:OCI,Orecap Invest Corp.,TSX Venture Exchange,Gold,29800176
TSXV:W,Spartan Metals Corp.,TSX Venture Exchange,Other Industrial Metals & Mining,25448312
TSXV:SPC,SPC Nickel Corp.,TSX Venture Exchange,Other Industrial Metals & Mining,29604306
TSXV:GRB,Greenbriar Sustainable Living Inc.,TSX Venture Exchange,Utilities - Renewable,29329239
TSXV:JG,Japan Gold Corp.,TSX Venture Exchange,Gold,29206945
TSXV:SEND,Sendero Resources Corp.,TSX Venture Exchange,Other Industrial Metals & Mining,26284128
TSXV:WEB,Westbridge Renewable Energy S.A.,TSX Venture Exchange,Utilities - Renewable,29190184
TSXV:CDA,Canuc Resources Corporation,TSX Venture Exchange,Oil & Gas Exploration & Production,29178564
TSXV:GX,Guardian Exploration Inc.,TSX Venture Exchange,Oil & Gas Exploration & Production,26737374
TSXV:ROOF,Northstar Clean Technologies Inc.,TSX Venture Exchange,Waste Management,28973406
TSXV:BTCT,Bitcoin Treasury Corporation,TSX Venture Exchange,Credit Services,28971246
TSXV:MGRO,MustGrow Biologics Corp.,TSX Venture Exchange,Agricultural Inputs,25813518
TSXV:CYBE,"CyberCatch Holdings, Inc.",TSX Venture Exchange,Software - Infrastructure,28067898
TSXV:MRZ,Mirasol Resources Ltd.,TSX Venture Exchange,Other Precious Metals & Mining,28794086
TSXV:CMU,Comet Industries Ltd.,TSX Venture Exchange,Real Estate Services,28719223
TSXV:NVLH,Nevada Lithium Resources Inc.,TSX Venture Exchange,Other Industrial Metals & Mining,28682340
TSXV:CGM,Canadian Goldfields Discovery Corp.,TSX Venture Exchange,Other,18714756
TSXV:ADK,DIAGNOS Inc.,TSX Venture Exchange,Health Information Services,23937800
TSXV:MRZL,Mont Royal Resources Limited,TSX Venture Exchange,Other Industrial Metals & Mining,26949032
TSXV:MCC,Morocco Strategic Minerals Corporation,TSX Venture Exchange,Gold,20667952
TSXV:TTI,"Thiogenesis Therapeutics, Corp.",TSX Venture Exchange,Biotechnology,28509776
TSXV:ROAR,Lion Rock Resources Inc.,TSX Venture Exchange,Other Industrial Metals & Mining,27228690
TSXV:MOO,Moon River Moly Ltd.,TSX Venture Exchange,Other Industrial Metals & Mining,27781818
TSXV:TRR,Terra Rossa Gold Ltd.,TSX Venture Exchange,Gold,27737036
TSXV:IGO,Independence Gold Corp.,TSX Venture Exchange,Gold,23589038
TSXV:SOU,Southern Energy Corp.,TSX Venture Exchange,Oil & Gas Exploration & Production,27469121
TSXV:TMG,Thermal Energy International Inc.,TSX Venture Exchange,Pollution & Treatment Controls,27354078
TSXV:PUMA,Puma Exploration Inc.,TSX Venture Exchange,Gold,27346275
TSXV:SPMC,South Pacific Metals Corp.,TSX Venture Exchange,Gold,23507606
TSXV:DLTA,Delta Resources Limited,TSX Venture Exchange,Gold,23200210
TSXV:VCT,Volt Carbon Technologies Inc.,TSX Venture Exchange,Other Industrial Metals & Mining,33003910
TSXV:KIRO,Kairos Gold Inc.,TSX Venture Exchange,Other Industrial Metals & Mining,26272556
TSXV:CVB,Compass Gold Corporation,TSX Venture Exchange,Gold,26991232
TSXV:PTU,Purepoint Uranium Group Inc.,TSX Venture Exchange,Uranium,26987877
TSXV:SCAI,SalesCloser Technologies Ltd.,TSX Venture Exchange,Software - Infrastructure,26967172
TSXV:OTMC,Oreterra Metals Corp.,TSX Venture Exchange,Gold,31016976
TSXV:FRED,Fredonia Mining Inc.,TSX Venture Exchange,Other Precious Metals & Mining,27237440
TSXV:PTX,PTX Metals Inc.,TSX Venture Exchange,Gold,23340934
TSXV:MKT,Prospect Prediction Markets Inc.,TSX Venture Exchange,Software - Infrastructure,26326232
TSXV:TWO,T2 Metals Corp.,TSX Venture Exchange,Copper,24370004
TSXV:AFCC.H,Automotive Finco Corp.,TSX Venture Exchange,Credit Services,25963382
TSXV:TRBC,Tribeca Resources Corporation,TSX Venture Exchange,Copper,27280538
TSXV:ECM.H,Ecolomondo Corporation,TSX Venture Exchange,"Special Industry Machinery, not elsewhere classified",
TSXV:TWR,Tower Resources Ltd.,TSX Venture Exchange,Gold,25992165
TSXV:STE,Starr Peak Mining Ltd.,TSX Venture Exchange,Other Industrial Metals & Mining,25854073
TSXV:KDOZ,Kidoz Inc.,TSX Venture Exchange,Advertising Agencies,26260900
TSXV:SNAG,Silver North Resources Ltd.,TSX Venture Exchange,Other Precious Metals & Mining,16869719
TSXV:GSD,Devonian Health Group Inc.,TSX Venture Exchange,Biotechnology,27113444
TSXV:GSTM,Goldstorm Metals Corp.,TSX Venture Exchange,Gold,21251838
TSXV:MCI,Minnova Corp.,TSX Venture Exchange,Gold,20248916
TSXV:CNVI,Conavi Medical Corp.,TSX Venture Exchange,Medical Devices,23803106
TSXV:INIK,Ionik Corporation,TSX Venture Exchange,Advertising Agencies,41061124
TSXV:LMS,Latin Metals Inc.,TSX Venture Exchange,Other Industrial Metals & Mining,26352172
TSXV:LQWD,LQWD Technologies Corp.,TSX Venture Exchange,Software - Application,25219082
TSXV:WML,Wealth Minerals Ltd.,TSX Venture Exchange,Other Industrial Metals & Mining,24825970
TSXV:USS,Uniserve Communications Corporation,TSX Venture Exchange,Telecom Services,24759090
TSXV:BEX,Benton Resources Inc.,TSX Venture Exchange,Other Industrial Metals & Mining,22135388
TSXV:DEX,Almadex Minerals Ltd.,TSX Venture Exchange,Gold,24524359
TSXV:GRDM,Grid Metals Corp.,TSX Venture Exchange,Other Industrial Metals & Mining,24489892
TSXV:ARU,Aurania Resources Ltd.,TSX Venture Exchange,Other Precious Metals & Mining,24467719
TSXV:REKO,Reko International Group Inc.,TSX Venture Exchange,Specialty Industrial Machinery,24408295
TSXV:MAGA.H,Patriot Resources Corp.,TSX Venture Exchange,Miscellaneous Manufacturing Industries,
TSXV:EAM,East Africa Metals Inc.,TSX Venture Exchange,Other Industrial Metals & Mining,24207621
TSXV:LPS,Legend Power Systems Inc.,TSX Venture Exchange,Electrical Equipment & Parts,24119512
TSXV:NGC,Northern Graphite Corporation,TSX Venture Exchange,Other Industrial Metals & Mining,19776560
TSXV:PER,Peruvian Metals Corp.,TSX Venture Exchange,Other Industrial Metals & Mining,23029348
TSXV:SAGE,Sage Potash Corp.,TSX Venture Exchange,Other Industrial Metals & Mining,24815102
TSXV:TAO,TAG Oil Ltd.,TSX Venture Exchange,Oil & Gas Exploration & Production,15983333
TSXV:DME,Desert Mountain Energy Corp.,TSX Venture Exchange,Oil & Gas Exploration & Production,23851826
TSXV:WGT,Westgate Energy Inc.,TSX Venture Exchange,Oil & Gas Drilling,20880484
TSXV:MIM,MiMedia Holdings Inc.,TSX Venture Exchange,Software - Infrastructure,17749146
TSXV:GRL,GreenLight Metals Inc.,TSX Venture Exchange,Other Industrial Metals & Mining,24334302
TSXV:NIO,Nio Strategic Metals Inc.,TSX Venture Exchange,Other Industrial Metals & Mining,22204776
TSXV:DPF,Dr. Phone Fix Canada Corporation,TSX Venture Exchange,Consumer Electronics,23525806
TSXV:RRI,Riverside Resources Inc.,TSX Venture Exchange,Other Precious Metals & Mining,18695875
TSXV:ALGR,Algo Grande Copper Corp.,TSX Venture Exchange,Gold,23286860
TSXV:MN,Manganese X Energy Corp.,TSX Venture Exchange,Other Industrial Metals & Mining,23120240
TSXV:BIGG,BIGG Digital Assets Inc.,TSX Venture Exchange,Capital Markets,23125753
TSXV:XCYT,Xcyte Digital Corp.,TSX Venture Exchange,Shell Companies,23080200
TSXV:RDG,Ridgeline Minerals Corp.,TSX Venture Exchange,Gold,23072640
TSXV:EPL,Eagle Plains Resources Ltd.,TSX Venture Exchange,Other Industrial Metals & Mining,23040445
TSXV:BVA,Bravada Gold Corporation,TSX Venture Exchange,Other Industrial Metals & Mining,18211199
TSXV:NZ,New Zealand Energy Corp.,TSX Venture Exchange,Oil & Gas Exploration & Production,24582880
TSXV:VLLC,Argentina Metals Corp.,TSX Venture Exchange,Copper Ores,14314669
TSXV:CSO.H,Corsa Coal Corp.,TSX Venture Exchange,Bituminous Coal And Lignite Mining,
TSXV:HOH,High Arctic Overseas Holdings Corp.,TSX Venture Exchange,Oil & Gas Equipment & Services,22970675
TSXV:ANOR,AnorTech Inc.,TSX Venture Exchange,Other Industrial Metals & Mining,22705317
TSXV:IRO,Inter-Rock Minerals Inc.,TSX Venture Exchange,Packaged Foods,22565516
TSXV:CDB,Cordoba Minerals Corp.,TSX Venture Exchange,Other Industrial Metals & Mining,22146447
TSXV:PEI,Prospera Energy Inc.,TSX Venture Exchange,Oil & Gas Exploration & Production,22082655
TSXV:PMI,Perseverance Metals Inc.,TSX Venture Exchange,Other Industrial Metals & Mining,22007536
TSXV:OAM,OverActive Media Corp.,TSX Venture Exchange,Entertainment,22104930
TSXV:DGC,Daura Gold Corp.,TSX Venture Exchange,Gold,20354010
TSXV:TSLV,Tier One Silver Inc.,TSX Venture Exchange,Other Precious Metals & Mining,14979805
TSXV:RLYG,Riley Gold Corp.,TSX Venture Exchange,Other Precious Metals & Mining,31759180
TSXV:USCU,US Copper Corp.,TSX Venture Exchange,Copper,21927681
TSXV:HFC,Hampton Financial Corporation,TSX Venture Exchange,Capital Markets,21862308
TSXV:BSK,Blue Sky Uranium Corp.,TSX Venture Exchange,Uranium,18211550
TSXV:SQG,Spackman Equities Group Inc.,TSX Venture Exchange,Asset Management,22915338
TSXV:EVNI,EV Nickel Inc.,TSX Venture Exchange,Other Industrial Metals & Mining,16682919
TSXV:JZR,JZR Gold Inc.,TSX Venture Exchange,Other Industrial Metals & Mining,20208256
TSXV:CCMC,Core Critical Metals Corp.,TSX Venture Exchange,Gold,13923525
TSXV:NTH,Nord Precious Metals Mining Inc.,TSX Venture Exchange,Silver,8181473
TSXV:MIVO,Miivo Holdings Corp.,TSX Venture Exchange,Asset Management,21247506
TSXV:TOTC,Totec Resources Ltd.,TSX Venture Exchange,Shell Companies,21255038
TSXV:VPT,Ventripoint Diagnostics Ltd.,TSX Venture Exchange,Medical Devices,20642510
TSXV:NAM,New Age Metals Inc.,TSX Venture Exchange,Other Industrial Metals & Mining,15845800
TSXV:VAU,Viva Gold Corp.,TSX Venture Exchange,Gold,17463840
TSXV:SF,Safi Silver Corp.,TSX Venture Exchange,Other,
TSXV:VO,ValOre Metals Corp.,TSX Venture Exchange,Uranium,20396325
TSXV:PTEC,Principal Technologies Inc.,TSX Venture Exchange,Health Information Services,20170670
TSXV:EVI,Eastport Critical Metals Corp.,TSX Venture Exchange,Other Industrial Metals & Mining,18548350
TSXV:IDEX,IDEX Metals Corp.,TSX Venture Exchange,Other Industrial Metals & Mining,20667204
TSXV:UTWO,U92 Energy Corp.,TSX Venture Exchange,Other Industrial Metals & Mining,20175826
TSXV:STUV,Stuve Gold Corp.,TSX Venture Exchange,Other Industrial Metals & Mining,23242666
TSXV:CTV,CleanTech Vanadium Mining Corp.,TSX Venture Exchange,Other Industrial Metals & Mining,19671994
TSXV:RZL,RZOLV Technologies Inc.,TSX Venture Exchange,Chemicals,21483450
TSXV:ASG,Aurora Spine Corporation,TSX Venture Exchange,Medical Devices,19523050
TSXV:DMCU,Domestic Metals Corp.,TSX Venture Exchange,Other Industrial Metals & Mining,18338552
TSXV:FORT,Fort Technology Inc.,TSX Venture Exchange,Information Technology,49179768
TSXV:AXE,Acceleware Ltd.,TSX Venture Exchange,Software - Application,19322395
TSXV:NHHH,FuelPositive Corporation,TSX Venture Exchange,Electrical Equipment & Parts,19273658
TSXV:AURA,Auranova Resources Inc.,TSX Venture Exchange,Gold,20043218
TSXV:TBK,Trailbreaker Resources Ltd.,TSX Venture Exchange,Gold,18181266
TSXV:FRI,Freeport Resources Inc.,TSX Venture Exchange,Other Industrial Metals & Mining,13134200
TSXV:GPM,GPM Metals Inc.,TSX Venture Exchange,Other Industrial Metals & Mining,17526958
TSXV:BHS,Bayhorse Silver Inc.,TSX Venture Exchange,Other Industrial Metals & Mining,16150095
TSXV:NSCI,Nanalysis Scientific Corp.,TSX Venture Exchange,Scientific & Technical Instruments,16614654
TSXV:HIDE,Hydaway Digital Corp.,TSX Venture Exchange,Software - Application,20839400
TSXV:FFOX,FireFox Gold Corp.,TSX Venture Exchange,Gold,97576800
TSXV:LOD,Lode Gold Resources Inc.,TSX Venture Exchange,Other Industrial Metals & Mining,13848750
TSXV:ICGH,IC Group Holdings Inc.,TSX Venture Exchange,Advertising Agencies,18167850
TSXV:SWA,Sarama Resources Ltd,TSX Venture Exchange,Gold,18522821
TSXV:CLIP,Clip Money Inc.,TSX Venture Exchange,Software - Infrastructure,18522465
TSXV:WGF,Wescan Goldfields Inc.,TSX Venture Exchange,Gold,15943876
TSXV:SBMI,Silver Bullet Mines Corp.,TSX Venture Exchange,Other Precious Metals & Mining,17726067
TSXV:VTX,Vertex Resource Group Ltd.,TSX Venture Exchange,Waste Management,17924302
TSXV:IB,IBC Advanced Alloys Corp.,TSX Venture Exchange,Metal Fabrication,18437878
TSXV:TORR,Torrent Capital Ltd.,TSX Venture Exchange,Asset Management,18326508
TSXV:CNRI,Canadian North Resources Inc.,TSX Venture Exchange,Other Industrial Metals & Mining,18291251
TSXV:HWY,Highway 50 Gold Corp.,TSX Venture Exchange,Other Industrial Metals & Mining,18703562
TSXV:KALO,Kalo Gold Corp.,TSX Venture Exchange,Gold,12393996
TSXV:CN,Condor Resources Inc.,TSX Venture Exchange,Other Precious Metals & Mining,18040560
TSXV:NSU,North Shore Uranium Ltd.,TSX Venture Exchange,Uranium,17337202
TSXV:MDX,MedX Health Corp,TSX Venture Exchange,Medical Devices,18036278
TSXV:YEG,Yorkton Equity Group Inc.,TSX Venture Exchange,Real Estate - Diversified,18020492
TSXV:STS,South Star Battery Metals Corp.,TSX Venture Exchange,Other Industrial Metals & Mining,8980314
TSXV:PCQ,Petrolympic Ltd.,TSX Venture Exchange,Oil & Gas Exploration & Production,12770093
TSXV:KDA,KDA Group Inc.,TSX Venture Exchange,Health Information Services,15003697
TSXV:SAE,Sable Resources Ltd.,TSX Venture Exchange,Other Precious Metals & Mining,17612736
TSXV:ENDR,Enduro Metals Corporation,TSX Venture Exchange,Other Precious Metals & Mining,7523327
TSXV:OMM,Omineca Mining and Metals Ltd.,TSX Venture Exchange,Gold,17403372
TSXV:IMI,Ironman International Ltd.,TSX Venture Exchange,Engineering & Construction,17358508
TSXV:BARU,Baru Gold Corporation,TSX Venture Exchange,Gold,17170629
TSXV:VZZ,Val-d'Or Mining Corporation,TSX Venture Exchange,Other Industrial Metals & Mining,17042122
TSXV:CBG,Chibougamau Independent Mines Inc.,TSX Venture Exchange,Other Precious Metals & Mining,16365125
TSXV:ZAC,Zacatecas Silver Corp.,TSX Venture Exchange,Silver,11676000
TSXV:GRG,Golden Arrow Resources Corporation,TSX Venture Exchange,Other Industrial Metals & Mining,16941660
TSXV:ZNX,ZincX Resources Corp.,TSX Venture Exchange,Other Industrial Metals & Mining,16910654
TSXV:QYOU,QYOU Media Inc.,TSX Venture Exchange,Entertainment,16896227
TSXV:NBY,Niobay Metals Inc.,TSX Venture Exchange,Other Industrial Metals & Mining,9655020
TSXV:CPAU,CopAur Minerals Inc.,TSX Venture Exchange,Other Industrial Metals & Mining,12277357
TSXV:COCO,Coast Copper Corp.,TSX Venture Exchange,Other Precious Metals & Mining,16852372
TSXV:AMY,RecycLiCo Battery Materials Inc.,TSX Venture Exchange,Other Industrial Metals & Mining,16834618
TSXV:JJ,Jackpot Digital Inc.,TSX Venture Exchange,Gambling,16788960
TSXV:BEEP,Geiger Energy Corporation,TSX Venture Exchange,Uranium,11081845
TSXV:SAO,South Atlantic Gold Inc.,TSX Venture Exchange,Other Industrial Metals & Mining,9871711
TSXV:RYO,Rio Silver Inc.,TSX Venture Exchange,Other Industrial Metals & Mining,4665815
TSXV:ELC,Elysee Development Corp.,TSX Venture Exchange,Asset Management,16383202
TSXV:RE,RE Royalties Ltd.,TSX Venture Exchange,Utilities - Renewable,16320738
TSXV:YNV,Ynvisible Interactive Inc.,TSX Venture Exchange,Electronic Components,16204600
TSXV:CTEK,Cleantek Industries Inc.,TSX Venture Exchange,Specialty Industrial Machinery,18761840
TSXV:GMV,GMV Minerals Inc.,TSX Venture Exchange,Gold,11745793
TSXV:SR,Strategic Resources Inc.,TSX Venture Exchange,Other Industrial Metals & Mining,16232699
TSXV:CRI,Churchill Resources Inc.,TSX Venture Exchange,Other Industrial Metals & Mining,10768050
TSXV:SGC,Solstice Gold Corp.,TSX Venture Exchange,Gold,15748920
TSXV:MTT,Magna Terra Minerals Inc.,TSX Venture Exchange,Other Industrial Metals & Mining,13310232
TSXV:GFM.H,GFM Resources Limited,TSX Venture Exchange,Other Industrial Metals & Mining,1335957
TSXV:RBZ,Arya Resources Ltd.,TSX Venture Exchange,Other Industrial Metals & Mining,16473798
TSXV:FYL,Finlay Minerals Ltd.,TSX Venture Exchange,Other Precious Metals & Mining,15291089
TSXV:NTLX,Neurothera Labs Inc.,TSX Venture Exchange,Drug Manufacturers - General,13584000
TSXV:CAF,Canaf Investments Inc.,TSX Venture Exchange,Coking Coal,15176382
TSXV:GZD,Grizzly Discoveries Inc.,TSX Venture Exchange,Other Industrial Metals & Mining,14796600
TSXV:TT,Total Metals Corp.,TSX Venture Exchange,Other Precious Metals & Mining,7388197
TSXV:ELEC,Electric Royalties Ltd.,TSX Venture Exchange,Other Industrial Metals & Mining,15084107
TSXV:RDU,Radius Gold Inc.,TSX Venture Exchange,Gold,14752292
TSXV:NOB,Noble Mineral Exploration Inc.,TSX Venture Exchange,Other Industrial Metals & Mining,14532815
TSXV:KDSX,Kadestone Capital Corp.,TSX Venture Exchange,Real Estate - Development,15017039
TSXV:VAND,Largo Physical Vanadium Corp.,TSX Venture Exchange,Other Industrial Metals & Mining,14966952
TSXV:OOR,Opus One Gold Corporation,TSX Venture Exchange,Gold,14951795
TSXV:BONE,Boron One Holdings Inc.,TSX Venture Exchange,Other Industrial Metals & Mining,13932610
TSXV:AUX,Golden Cross Resources Inc.,TSX Venture Exchange,Gold,11498297
TSXV:GDP,Golden Pursuit Resources Ltd.,TSX Venture Exchange,Other Precious Metals & Mining,12364495
TSXV:LIT,Argentina Lithium & Energy Corp.,TSX Venture Exchange,Other Industrial Metals & Mining,12060650
TSXV:PCLO,PharmaCielo Ltd.,TSX Venture Exchange,Drug Manufacturers - Specialty & Generic,13158859
TSXV:DEC,Decade Resources Ltd.,TSX Venture Exchange,Other Industrial Metals & Mining,10277081
TSXV:TLA,Titan Logix Corp.,TSX Venture Exchange,Specialty Industrial Machinery,14737098
TSXV:CMC,Cielo Waste Solutions Corp.,TSX Venture Exchange,Waste Management,8238090
TSXV:VRY,Petro-Victory Energy Corp.,TSX Venture Exchange,Oil & Gas Exploration & Production,14714401
TSXV:CRG,Crossroads Gold Corp.,TSX Venture Exchange,Gold,13654456
TSXV:AUME,Auriginal Mining Corp.,TSX Venture Exchange,Other Industrial Metals & Mining,14556560
TSXV:VVTM,VVT Med Inc.,TSX Venture Exchange,Medical Devices,13366720
TSXV:PLUR,Plurilock Security Inc.,TSX Venture Exchange,Software - Infrastructure,10243143
TSXV:CHS,"Comprehensive Healthcare Systems, Inc.",TSX Venture Exchange,Health Information Services,9018532
TSXV:RSMX,Regency Silver Corp.,TSX Venture Exchange,Silver,9961899
TSXV:PINN,Pinnacle Silver and Gold Corp.,TSX Venture Exchange,Gold,14244916
TSXV:GGI,Garibaldi Resources Corp.,TSX Venture Exchange,Other Industrial Metals & Mining,14443853
TSXV:VTEN,V Ten Metals Corp.,TSX Venture Exchange,Other Industrial Metals & Mining,14288590
TSXV:WRR,Walker River Resources Corp.,TSX Venture Exchange,Gold,14327847
TSXV:SME,Sama Resources Inc.,TSX Venture Exchange,Other Industrial Metals & Mining,14304449
TSXV:SXL,Slam Exploration Ltd.,TSX Venture Exchange,Gold,14301340
TSXV:EMN,Euro Manganese Inc.,TSX Venture Exchange,Other Industrial Metals & Mining,8643935
TSXV:SKEL,Skeleton Coast Uranium Corp.,TSX Venture Exchange,Other Industrial Metals & Mining,3180944
TSXV:ABA,Abasca Resources Inc.,TSX Venture Exchange,Other Industrial Metals & Mining,15201794
TSXV:NOW,NowVertical Group Inc.,TSX Venture Exchange,Software - Infrastructure,13838530
TSXV:BFM,Bedford Metals Corp.,TSX Venture Exchange,Gold,14084678
TSXV:HC,Hypercharge Networks Corp.,TSX Venture Exchange,Auto Parts,6654507
TSXV:CWV,Crown Point Energy Inc.,TSX Venture Exchange,Oil & Gas Exploration & Production,13848669
TSXV:RAGE,Renegade Gold Inc.,TSX Venture Exchange,Gold,14424923
TSXV:AIR,Clean Air Metals Inc.,TSX Venture Exchange,Other Precious Metals & Mining,13780623
TSXV:NEXE,NEXE Innovations Inc.,TSX Venture Exchange,Packaging & Containers,13621062
TSXV:MAX,Max Resource Corp.,TSX Venture Exchange,Other Precious Metals & Mining,14986980
TSXV:KEEK,Keek Social Inc.,TSX Venture Exchange,Internet Content & Information,13539086
TSXV:TTZ,Total Telcom Inc.,TSX Venture Exchange,Communication Equipment,13526730
TSXV:CGD,Carlin Gold Corporation,TSX Venture Exchange,Gold,13410399
TSXV:HLU,Homeland Uranium Corp.,TSX Venture Exchange,Uranium,12839898
TSXV:STND,Standard Uranium Ltd.,TSX Venture Exchange,Uranium,8856480
TSXV:MPH,Medicure Inc.,TSX Venture Exchange,Drug Manufacturers - Specialty & Generic,13567207
TSXV:CNO,California Nanotechnologies Corp.,TSX Venture Exchange,Specialty Chemicals,11968943
TSXV:CEQ,Criterium Energy Ltd.,TSX Venture Exchange,Oil & Gas Exploration & Production,13975123
TSXV:PEMC,Pacific Empire Minerals Corp.,TSX Venture Exchange,Other Industrial Metals & Mining,8184167
TSXV:ECOM,EMERGE Commerce Ltd.,TSX Venture Exchange,Internet Retail,11205130
TSXV:STMP,Stamper Oil & Gas Corp.,TSX Venture Exchange,Oil & Gas Exploration & Production,12412012
TSXV:NWX,Newport Exploration Ltd.,TSX Venture Exchange,Other Industrial Metals & Mining,13197484
TSXV:KORE,KORE Mining Ltd.,TSX Venture Exchange,Gold,32388160
TSXV:IQ,AirIQ Inc.,TSX Venture Exchange,Software - Application,13143998
TSXV:SEGN,Seegnal Inc.,TSX Venture Exchange,Health Information Services,14502090
TSXV:MTS,Metallis Resources Inc.,TSX Venture Exchange,Other Industrial Metals & Mining,13018950
TSXV:FREQ,Frequency Exchange Corp.,TSX Venture Exchange,Medical Devices,12968146
TSXV:SPN,Snipp Interactive Inc.,TSX Venture Exchange,Advertising Agencies,12920122
TSXV:LOT,TomaGold Corporation,TSX Venture Exchange,Gold,9590080
TSXV:LXM,Lux Metals Corp.,TSX Venture Exchange,Other Industrial Metals & Mining,12689361
TSXV:RW,RenoWorks Software Inc.,TSX Venture Exchange,Software - Application,12679403
TSXV:GGAU,Galactic Gold Corp.,TSX Venture Exchange,Gold,13250938
TSXV:BAT,Batero Gold Corp.,TSX Venture Exchange,Other Precious Metals & Mining,12094150
TSXV:BAY,Aston Bay Holdings Ltd.,TSX Venture Exchange,Other Industrial Metals & Mining,12647482
TSXV:BTCW,Bitcoin Well Inc.,TSX Venture Exchange,Capital Markets,5288220
TSXV:LBI,Lions Bay Capital Inc.,TSX Venture Exchange,Asset Management,45473920
TSXV:TRO,Taranis Resources Inc.,TSX Venture Exchange,Other Industrial Metals & Mining,11411344
TSXV:SNG,Silver Range Resources Ltd.,TSX Venture Exchange,Other Precious Metals & Mining,12333138
TSXV:RAMP,Ramp Metals Inc.,TSX Venture Exchange,Other Industrial Metals & Mining,12363113
TSXV:CSX,Clean Seed Capital Group Ltd.,TSX Venture Exchange,Farm & Heavy Construction Machinery,8422317
TSXV:WLF,Wolfden Resources Corporation,TSX Venture Exchange,Other Industrial Metals & Mining,12338147
TSXV:AEMC,Alaska Energy Metals Corporation,TSX Venture Exchange,Other Precious Metals & Mining,12316170
TSXV:SMY,Search Minerals Inc.,TSX Venture Exchange,Other Industrial Metals & Mining,11152800
TSXV:PA,Palamina Corp.,TSX Venture Exchange,Gold,9312529
TSXV:MGMA,Magma Silver Corp.,TSX Venture Exchange,Other Industrial Metals & Mining,10851853
TSXV:FCI,First Canadian Graphite Inc.,TSX Venture Exchange,Other Industrial Metals & Mining,7676370
TSXV:KAPA,Kapa Gold Inc.,TSX Venture Exchange,Gold,10849052
TSXV:ALTU,Altura Energy Corp.,TSX Venture Exchange,Oil & Gas Exploration & Production,6592676
TSXV:REX,Orex Minerals Inc.,TSX Venture Exchange,Other Industrial Metals & Mining,6157502
TSXV:PEX,Pacific Ridge Exploration Ltd.,TSX Venture Exchange,Other Precious Metals & Mining,7294764
TSXV:GPS,Great Plains Metals Corp.,TSX Venture Exchange,Gold,13849330
TSXV:MEK,Metals Creek Resources Corp.,TSX Venture Exchange,Other Industrial Metals & Mining,11854843
TSXV:GT,GT Resources Inc.,TSX Venture Exchange,Other Industrial Metals & Mining,11668290
TSXV:ABR,Arbor Metals Corp.,TSX Venture Exchange,Other Industrial Metals & Mining,11643547
TSXV:BCU,Bell Copper Corporation,TSX Venture Exchange,Copper,11580829
TSXV:BAG,Blende Silver Corp.,TSX Venture Exchange,Other Industrial Metals & Mining,10839805
TSXV:GIGA,Giga Metals Corporation,TSX Venture Exchange,Other Industrial Metals & Mining,9855825
TSXV:NICN,NiCAN Limited,TSX Venture Exchange,Other Industrial Metals & Mining,11112467
TSXV:BRED,Purebread Brands Inc.,TSX Venture Exchange,Restaurants,6781038
TSXV:ICM,Iconic Minerals Ltd.,TSX Venture Exchange,Gold,9330540
TSXV:EXG,ExGen Resources Inc.,TSX Venture Exchange,Other Precious Metals & Mining,10369231
TSXV:LAB,Labrador Gold Corp.,TSX Venture Exchange,Gold,11900699
TSXV:GCOM,Green Shift Commodities Ltd.,TSX Venture Exchange,Other Industrial Metals & Mining,11018097
TSXV:TRBE,Tribe Property Technologies Inc.,TSX Venture Exchange,Software - Application,11004563
TSXV:OCEN,Transoceanic Investments Inc.,TSX Venture Exchange,Other Industrial Metals & Mining,10157555
TSXV:NCP,Nickel Creek Platinum Corp.,TSX Venture Exchange,Other Industrial Metals & Mining,12056902
TSXV:URZ,URZ3 Energy Corp.,TSX Venture Exchange,Uranium,10988837
TSXV:MSC,Millennium Silver Corp.,TSX Venture Exchange,Other Precious Metals & Mining,10915176
TSXV:HEM,Hemostemix Inc.,TSX Venture Exchange,Biotechnology,10878805
TSXV:EVGN,EverGen Infrastructure Corp.,TSX Venture Exchange,Waste Management,10869180
TSXV:MOX,Morien Resources Corp.,TSX Venture Exchange,Thermal Coal,8940870
TSXV:ESBL,Eshbal Functional Food Inc.,TSX Venture Exchange,Packaged Foods,10802506
TSXV:CQR,Conquest Resources Limited,TSX Venture Exchange,Gold,10834397
TSXV:TOM,Trinity One Metals Ltd.,TSX Venture Exchange,Gold,552370
TSXV:MRVL,Marvel Biosciences Corp.,TSX Venture Exchange,Biotechnology,10714809
TSXV:GUF,Gulf & Pacific Equities Corp.,TSX Venture Exchange,Real Estate Services,11133555
TSXV:REC,Record Resources Inc.,TSX Venture Exchange,Oil & Gas Exploration & Production,10702756
TSXV:ACL,A.C.L. Construction Ltd.,TSX Venture Exchange,Engineering & Construction,10660700
TSXV:ZON,Zonte Metals Inc.,TSX Venture Exchange,Gold,11489054
TSXV:FDI,Findev Inc.,TSX Venture Exchange,Mortgage Finance,10599553
TSXV:AUGC,Au Gold Corp.,TSX Venture Exchange,Gold,6567961
TSXV:XTAO.U,xTAO Inc.,TSX Venture Exchange,Software - Infrastructure,9993268
TSXV:PVIS,Parvis Invest Inc.,TSX Venture Exchange,Asset Management,9102390
TSXV:ERA,Elcora Advanced Materials Corp.,TSX Venture Exchange,Other Industrial Metals & Mining,4259425
TSXV:OC,Olive Resource Capital Inc.,TSX Venture Exchange,Other Industrial Metals & Mining,10320721
TSXV:TORQ,Torq Resources Inc.,TSX Venture Exchange,Other Industrial Metals & Mining,10224343
TSXV:MNRG,Monumental Energy Corp.,TSX Venture Exchange,Other Industrial Metals & Mining,5368834
TSXV:FROG,Bullfrog Gold Corporation,TSX Venture Exchange,Other Industrial Metals & Mining,4952388
TSXV:MBO,Mobio Technologies Inc.,TSX Venture Exchange,Software - Application,2509100
TSXV:RCT,Rochester Resources Ltd.,TSX Venture Exchange,Gold,10036766
TSXV:TRCG,Thistle Resources Inc.,TSX Venture Exchange,Other Industrial Metals & Mining,10311876
TSXV:AZR,Azarga Metals Corp.,TSX Venture Exchange,Other Industrial Metals & Mining,10005154
TSXV:AUQ,AuQ Gold Mining Inc.,TSX Venture Exchange,Gold,10178375
TSXV:RUSH,Carolina Rush Corporation,TSX Venture Exchange,Gold,7717956
TSXV:BGD,Bullion Gold Discoveries Corp.,TSX Venture Exchange,Other Industrial Metals & Mining,9253803
TSXV:SGU,Signature Resources Ltd.,TSX Venture Exchange,Gold,7382460
TSXV:EVER,Evergold Corp.,TSX Venture Exchange,Other Industrial Metals & Mining,5590000
TSXV:MQM,MetalQuest Mining Inc.,TSX Venture Exchange,Other Industrial Metals & Mining,5382960
TSXV:TG,Trifecta Gold Ltd.,TSX Venture Exchange,Gold,9778853
TSXV:MYID,Reklaim Ltd.,TSX Venture Exchange,Software - Application,9698250
TSXV:RYE,Rhyolite Resources Ltd.,TSX Venture Exchange,Gold,10718526
TSXV:DYG,Dynasty Gold Corp.,TSX Venture Exchange,Gold,10353100
TSXV:YFI,Edgewater Wireless Systems Inc.,TSX Venture Exchange,Communication Equipment,9565381
TSXV:LMG,Lincoln Gold Mining Inc.,TSX Venture Exchange,Gold,10010746
TSXV:KSM,Kirkstone Metals Corp.,TSX Venture Exchange,Uranium,8172083
TSXV:CLIC,Comet Lithium Corporation,TSX Venture Exchange,Other Precious Metals & Mining,9804616
TSXV:DWS,Diamond Estates Wines & Spirits Inc.,TSX Venture Exchange,Beverages - Wineries & Distilleries,9494566
TSXV:NOVA,EraNova Metals Inc.,TSX Venture Exchange,Other Industrial Metals & Mining,8458463
TSXV:NBVA,Nubeva Technologies Ltd.,TSX Venture Exchange,Software - Infrastructure,9473461
TSXV:HPL,Horizon Petroleum Ltd.,TSX Venture Exchange,Oil & Gas Exploration & Production,8731030
TSXV:FFU,F4 Uranium Corp.,TSX Venture Exchange,Uranium,9519111
TSXV:GRF,Green Rise Foods Inc.,TSX Venture Exchange,Farm Products,9289617
TSXV:ROX,Canstar Resources Inc.,TSX Venture Exchange,Other Industrial Metals & Mining,9288695
TSXV:AWE,Thunderstruck Resources Ltd.,TSX Venture Exchange,Other Industrial Metals & Mining,5559047
TSXV:THP,Totally Hip Technologies Inc.,TSX Venture Exchange,Consulting Services,9194305
TSXV:EDY,Eddy Smart Home Solutions Ltd.,TSX Venture Exchange,Scientific & Technical Instruments,9192935
TSXV:ALTN,Aeonian Resources Corp.,TSX Venture Exchange,Other Industrial Metals & Mining,9183083
TSXV:TTGI,Turnium Technology Group Inc.,TSX Venture Exchange,Software - Infrastructure,10186533
TSXV:DFR,DFR Gold Inc.,TSX Venture Exchange,Other Precious Metals & Mining,7109889
TSXV:ORS,Orestone Mining Corp.,TSX Venture Exchange,Other Industrial Metals & Mining,6670800
TSXV:VUX,Vital Energy Inc.,TSX Venture Exchange,Oil & Gas Exploration & Production,9096997
TSXV:WISH,Wishpond Technologies Ltd.,TSX Venture Exchange,Software - Application,9070033
TSXV:NRM,Noram Lithium Corp.,TSX Venture Exchange,Other Industrial Metals & Mining,8146809
TSXV:SATO,SATO Technologies Corp.,TSX Venture Exchange,Capital Markets,9005079
TSXV:FOBI,Fobi AI Inc.,TSX Venture Exchange,Software - Infrastructure,9787279
TSXV:PEZM.H,PEZM Gold Inc.,TSX Venture Exchange,Shell Companies,8976450
TSXV:RKR,Rokmaster Resources Corp.,TSX Venture Exchange,Other Industrial Metals & Mining,8122072
TSXV:YTY,Wi2Wi Corporation,TSX Venture Exchange,Communication Equipment,8920486
TSXV:EXCL,Excalibur Metals Corp.,TSX Venture Exchange,Other Precious Metals & Mining,7954735
TSXV:TGC,Toogood Gold Corp.,TSX Venture Exchange,Gold Ores,
TSXV:LITT,FutureGen Industries Corp.,TSX Venture Exchange,Asset Management,5547738
TSXV:NAR,North Arrow Minerals Inc.,TSX Venture Exchange,Other Precious Metals & Mining,5430243
TSXV:BTU,BTU Metals Corp.,TSX Venture Exchange,Gold,7431051
TSXV:TGX,TGX Energy & Resources Inc.,TSX Venture Exchange,Other Precious Metals & Mining,9293090
TSXV:NVX,NV Gold Corporation,TSX Venture Exchange,Gold,6173550
TSXV:TMET,Torr Metals Inc.,TSX Venture Exchange,Other Industrial Metals & Mining,4168668
TSXV:CPS,Canadian Premium Sand Inc.,TSX Venture Exchange,Other Industrial Metals & Mining,8799580
TSXV:BIRD,Thunderbird Minerals Corp.,TSX Venture Exchange,Other Precious Metals & Mining,6747015
TSXV:ADYA,Adya Inc.,TSX Venture Exchange,Telecom Services,8737010
TSXV:INX,Intouch Insight Ltd.,TSX Venture Exchange,Software - Application,7546990
TSXV:TSD,Tsodilo Resources Limited,TSX Venture Exchange,Other Precious Metals & Mining,8668265
TSXV:AIS,A.I.S. Resources Limited,TSX Venture Exchange,Gold,6792340
TSXV:DNO,Dinero Ventures Ltd.,TSX Venture Exchange,Gold,7759243
TSXV:SGZ,Sego Resources Inc.,TSX Venture Exchange,Other Industrial Metals & Mining,8560653
TSXV:FBF,Fab-Form Industries Ltd.,TSX Venture Exchange,Building Materials,8532292
TSXV:SC.H,Serrano Resources Ltd.,TSX Venture Exchange,Oil & Gas Exploration & Production,8502603
TSXV:WGLD,Western Gold Exploration Ltd.,TSX Venture Exchange,Gold,9983170
TSXV:OEC.H,Oracle Energy Corp.,TSX Venture Exchange,Crude Petroleum and Natural Gas,
TSXV:CCMI,Canadian Critical Minerals Inc.,TSX Venture Exchange,Other Precious Metals & Mining,10130384
TSXV:NRN,Northern Shield Resources Inc.,TSX Venture Exchange,Other Industrial Metals & Mining,6241900
TSXV:DSY,Destiny Media Technologies Inc.,TSX Venture Exchange,Software - Application,4818705
TSXV:GIG,XAU Resources Inc.,TSX Venture Exchange,Gold,8305750
TSXV:STRM,Storm Exploration Inc.,TSX Venture Exchange,Other Precious Metals & Mining,8783156
TSXV:FIN,Grit Metals Corp.,TSX Venture Exchange,Other Industrial Metals & Mining,7623214
TSXV:PWER,Global Power Solutions Corp.,TSX Venture Exchange,Engineering & Construction,8267772
TSXV:BOL,Bold Ventures Inc.,TSX Venture Exchange,Other Industrial Metals & Mining,8321918
TSXV:ALFA.UN,Margaux Real Estate Investment Trust,TSX Venture Exchange,REIT - Industrial,9080541
TSXV:NNX,Nickel North Exploration Corp.,TSX Venture Exchange,Other Industrial Metals & Mining,3690225
TSXV:FMN,Fidelity Minerals Corp.,TSX Venture Exchange,Other Industrial Metals & Mining,8419300
TSXV:SGE,Strategem Capital Corporation,TSX Venture Exchange,Asset Management,8111680
TSXV:SKP,StrikePoint Gold Inc.,TSX Venture Exchange,Other Industrial Metals & Mining,5407337
TSXV:FAIR,Fairchild Gold Corp.,TSX Venture Exchange,Gold,8082650
TSXV:HVG,Harvest Gold Corporation,TSX Venture Exchange,Gold,3966134
TSXV:CYM,Cymat Technologies Ltd.,TSX Venture Exchange,Metal Fabrication,6443245
TSXV:HELI,First Helium Inc.,TSX Venture Exchange,Chemicals,6416971
TSXV:WINS,Winshear Metals Corp.,TSX Venture Exchange,Gold,5088976
TSXV:GGM,Granada Gold Mine Inc.,TSX Venture Exchange,Gold,5779095
TSXV:HPM,Halcones Precious Metals Corp.,TSX Venture Exchange,Gold,7913291
TSXV:JSPX,JasperX Technologies Inc.,TSX Venture Exchange,Software - Infrastructure,7888918
TSXV:NKW.H,Oceanic Wind Energy Inc.,TSX Venture Exchange,Utilities - Renewable,6112952
TSXV:YAY,THS Maple Holdings Ltd.,TSX Venture Exchange,Confectioners,7844082
TSXV:WBE,WestBond Enterprises Corporation,TSX Venture Exchange,Paper & Paper Products,7837676
TSXV:QST,Questor Technology Inc.,TSX Venture Exchange,Pollution & Treatment Controls,7776468
TSXV:IZN,InZinc Mining Ltd.,TSX Venture Exchange,Other Industrial Metals & Mining,8445874
TSXV:FINX,Finex Metals Ltd.,TSX Venture Exchange,Gold,7740386
TSXV:BOCA,Bocana Resources Corp.,TSX Venture Exchange,Other Industrial Metals & Mining,7592075
TSXV:MAR.UN,Marwest Apartment Real Estate Investment Trust,TSX Venture Exchange,REIT - Residential,7488578
TSXV:LPK,Lupaka Gold Corp.,TSX Venture Exchange,Gold,8024724
TSXV:MATE,Blockmate Ventures Inc.,TSX Venture Exchange,Capital Markets,7578529
TSXV:AAZ,Azincourt Energy Corp.,TSX Venture Exchange,Uranium,3716509
TSXV:SWLF,Silver Wolf Exploration Ltd.,TSX Venture Exchange,Other Precious Metals & Mining,7461274
TSXV:FAS,First Andes Silver Ltd.,TSX Venture Exchange,Other Precious Metals & Mining,5779947
TSXV:NTX,NeoTerrex Minerals Inc.,TSX Venture Exchange,Other Industrial Metals & Mining,7042383
TSXV:ZC,Zimtu Capital Corp.,TSX Venture Exchange,Asset Management,5528303
TSXV:ADG,Arcus Development Group Inc.,TSX Venture Exchange,Metals & Mining,1108171
TSXV:PE,Pure Energy Minerals Limited,TSX Venture Exchange,Other Industrial Metals & Mining,7303116
TSXV:MAZ.H,Mazarin Inc.,TSX Venture Exchange,Other Industrial Metals & Mining,7286929
TSXV:CSG,Cosigo Resources Ltd.,TSX Venture Exchange,Gold,7243076
TSXV:ZBNI,ZEB Nickel Corp.,TSX Venture Exchange,Other Industrial Metals & Mining,7235010
TSXV:SNV,Sonoro Energy Ltd.,TSX Venture Exchange,Oil & Gas Exploration & Production,8413741
TSXV:AEF,AE Fuels Corporation,TSX Venture Exchange,Other Industrial Metals & Mining,7419740
TSXV:ESE,ESE Entertainment Inc.,TSX Venture Exchange,Entertainment,5719368
TSXV:LEAP,Quantum Critical Metals Corp.,TSX Venture Exchange,Other Industrial Metals & Mining,7193873
TSXV:SBIO,Sabio Holdings Inc.,TSX Venture Exchange,Advertising Agencies,7068315
TSXV:AIVC,AI Artificial Intelligence Ventures Inc.,TSX Venture Exchange,Asset Management,7045599
TSXV:HAPB,"Hapbee Technologies, Inc.",TSX Venture Exchange,Consumer Electronics,6770972
TSXV:NOBL,Noble Plains Uranium Corp.,TSX Venture Exchange,Uranium,7394401
TSXV:TNX,TenX Protocols Inc.,TSX Venture Exchange,,
TSXV:RMB,Rumbu Holdings Ltd.,TSX Venture Exchange,Personal Services,7382200
TSXV:CPI,Carlton Precious Inc.,TSX Venture Exchange,Other Industrial Metals & Mining,6949108
TSXV:MASS,Masivo Silver Corp.,TSX Venture Exchange,Other Precious Metals & Mining,4449987
TSXV:CEN.H,Claren Energy Corp.,TSX Venture Exchange,Crude Petroleum and Natural Gas,
TSXV:BGF,Beauce Gold Fields Inc.,TSX Venture Exchange,Gold,7627630
TSXV:GHR.H,Golden Harp Resources Inc.,TSX Venture Exchange,Other,1195875
TSXV:DM,Datametrex AI Limited,TSX Venture Exchange,Information Technology Services,1634736
TSXV:MKR,Melkior Resources Inc.,TSX Venture Exchange,Other Industrial Metals & Mining,6291027
TSXV:ILI,Imagine Lithium Inc.,TSX Venture Exchange,Other Industrial Metals & Mining,6812561
TSXV:CASA,Casa Minerals Inc.,TSX Venture Exchange,Other Industrial Metals & Mining,6792277
TSXV:MUSH,Mercanto Holdings Inc.,TSX Venture Exchange,Drug Manufacturers - Specialty & Generic,6717709
TSXV:XIM,Ximen Mining Corp.,TSX Venture Exchange,Gold,5465018
TSXV:AMCO,Americore Resources Corp.,TSX Venture Exchange,Silver,5109356
TSXV:AWI,Advent-AWI Holdings Inc.,TSX Venture Exchange,Specialty Retail,6683887
TSXV:ABM,Aben Gold Corp.,TSX Venture Exchange,Gold,6650764
TSXV:TIE,Coloured Ties Capital Inc.,TSX Venture Exchange,Asset Management,5367235
TSXV:ROI,Route1 Inc.,TSX Venture Exchange,Software - Application,5561430
TSXV:ESPN,Hispania Resources Inc.,TSX Venture Exchange,Other Industrial Metals & Mining,5509393
TSXV:TCO,Transatlantic Mining Corp.,TSX Venture Exchange,Other Industrial Metals & Mining,5631594
TSXV:MAP,Maple Peak Investments Inc.,TSX Venture Exchange,Resorts & Casinos,6490000
TSXV:LMR,Lomiko Metals Inc.,TSX Venture Exchange,Other Industrial Metals & Mining,4410832
TSXV:CBA,Champion Bear Resources Ltd.,TSX Venture Exchange,Other Industrial Metals & Mining,6395806
TSXV:SUN,Stardust Solar Energy Inc.,TSX Venture Exchange,Utilities - Renewable,6358677
TSXV:DLC,DLC Holdings Corp.,TSX Venture Exchange,Real Estate Services,2177503
TSXV:VQS,VIQ Solutions Inc.,TSX Venture Exchange, Software - Application,167498944
TSXV:GSPR,GSP Resource Corp.,TSX Venture Exchange,Other Precious Metals & Mining,5320445
TSXV:CIO,Central Iron Ore Limited,TSX Venture Exchange,Gold,6304429
TSXV:NBLC,Nobel Resources Corp.,TSX Venture Exchange,Other Industrial Metals & Mining,3149464
TSXV:FP,FP Newspapers Inc.,TSX Venture Exchange,Publishing,6350385
TSXV:MMX,Mustang Minerals Limited,TSX Venture Exchange,Other Precious Metals & Mining,7752047
TSXV:COO,Ostrom Climate Solutions Inc.,TSX Venture Exchange,Consulting Services,6275011
TSXV:AWX,ArcWest Exploration Inc.,TSX Venture Exchange,Other Industrial Metals & Mining,6263003
TSXV:CFY,CF Energy Corp.,TSX Venture Exchange,Utilities - Regulated Gas,6588515
TSXV:VLX,Velox Energy Materials Inc.,TSX Venture Exchange,Other Industrial Metals & Mining,6250740
TSXV:PUL,Pulse Oil Corp.,TSX Venture Exchange,Oil & Gas Exploration & Production,6234657
TSXV:CLZ,Canasil Resources Inc.,TSX Venture Exchange,Other Industrial Metals & Mining,5752560
TSXV:DAR,Darelle Online Solutions Inc.,TSX Venture Exchange,Internet Content & Information,6194539
TSXV:MCF,MCF Energy Ltd.,TSX Venture Exchange,Oil & Gas Exploration & Production,6194236
TSXV:WSK,Wildsky Resources Inc.,TSX Venture Exchange,Gold,6467961
TSXV:MEX,Mexican Gold Mining Corp.,TSX Venture Exchange,Other Precious Metals & Mining,3785145
TSXV:KNE,Kane Biotech Inc.,TSX Venture Exchange,Biotechnology,6151696
TSXV:DFSC,DEFSEC Technologies Inc.,TSX Venture Exchange,Aerospace & Defense,6120432
TSXV:VERT,Vertical Exploration Inc.,TSX Venture Exchange,Other Industrial Metals & Mining,6116162
TSXV:JUMP,Leveljump Healthcare Corp.,TSX Venture Exchange,Diagnostics & Research,5306660
TSXV:SMP,Southern Empire Resources Corp.,TSX Venture Exchange,Gold,4490868
TSXV:SDR,Stroud Resources Ltd.,TSX Venture Exchange,Oil & Gas Exploration & Production,6362320
TSXV:EDW.H,Edgewater Exploration Ltd.,TSX Venture Exchange,Gold,6033159
TSXV:CEO.H,Clydesdale Resources Inc.,TSX Venture Exchange,Other Industrial Metals & Mining,7114017
TSXV:OBUL,One Bullion Limited,TSX Venture Exchange,Gold,5643803
TSXV:ZCC.H,Zena Mining Corp.,TSX Venture Exchange,Other Industrial Metals & Mining,7031734
TSXV:LXE,Latin Explore Inc.,TSX Venture Exchange,Oil & Gas Exploration & Production,551951936
TSXV:GXX,Gold Basin Resources Corporation,TSX Venture Exchange,Gold,6080872
TSXV:TBLL,Tombill Mines Limited,TSX Venture Exchange,Gold,5273669
TSXV:CAI,Capitan Investment Ltd.,TSX Venture Exchange,Oil & Gas Exploration & Production,4345261
TSXV:TRU,TRU Precious Metals Corp.,TSX Venture Exchange,Gold,5754764
TSXV:HASH,Simply Solventless Concentrates Ltd.,TSX Venture Exchange,Drug Manufacturers - Specialty & Generic,5775140
TSXV:PGC,Plato Gold Corp.,TSX Venture Exchange,Gold,5766643
TSXV:RTH,Rathdowney Resources Ltd.,TSX Venture Exchange,Other Industrial Metals & Mining,5760686
TSXV:GGL,GGL Resources Corp.,TSX Venture Exchange,Other Precious Metals & Mining,5739661
TSXV:BWLK,Boardwalktech Software Corp.,TSX Venture Exchange,Software - Application,3516063
TSXV:VVC,VVC Exploration Corporation,TSX Venture Exchange,Oil & Gas Exploration & Production,5726818
TSXV:XTM,Transition Metals Corp.,TSX Venture Exchange,Other Industrial Metals & Mining,4589615
TSXV:NEV,Nevada Sunrise Metals Corporation,TSX Venture Exchange,Other Industrial Metals & Mining,5681559
TSXV:SVG,Silver Grail Resources Ltd.,TSX Venture Exchange,Other Precious Metals & Mining,5896344
TSXV:TTG,Trans Canada Gold Corp.,TSX Venture Exchange,Oil & Gas Exploration & Production,5662984
TSXV:NXS,Nexus Gold Corp.,TSX Venture Exchange,Gold,943497
TSXV:KLT.H,KGL Resources Ltd.,TSX Venture Exchange,Gold And Silver Ores,
TSXV:ZFR,Zephyr Minerals Ltd.,TSX Venture Exchange,Gold,5597219
TSXV:MDM,Madoro Metals Corp.,TSX Venture Exchange,Other Precious Metals & Mining,5603803
TSXV:ETF,Eastfield Resources Ltd.,TSX Venture Exchange,Other Precious Metals & Mining,3078080
TSXV:SABA,Saba Energy Ltd.,TSX Venture Exchange,Oil & Gas Exploration & Production,5575492
TSXV:SILV,Silver Valley Metals Corp.,TSX Venture Exchange,Other Industrial Metals & Mining,2990074
TSXV:AVCR,Avricore Health Inc.,TSX Venture Exchange,Diagnostics & Research,5570950
TSXV:RFX,Reeflex Solutions Inc.,TSX Venture Exchange,Oil & Gas Equipment & Services,5104165
TSXV:RIWI,RIWI Corp.,TSX Venture Exchange,Software - Application,3773513
TSXV:AUEN,Golden Sky Minerals Corp.,TSX Venture Exchange,Gold,4561961
TSXV:MLO,Metalero Mining Corp.,TSX Venture Exchange,Gold,4934160
TSXV:PERU,Chakana Copper Corp.,TSX Venture Exchange,Other Precious Metals & Mining,2917872
TSXV:ILC,ILC Critical Minerals Ltd.,TSX Venture Exchange,Other Industrial Metals & Mining,5448065
TSXV:IOT,Innovotech Inc.,TSX Venture Exchange,Biotechnology,5443823
TSXV:HAY,Hayasa Metals Inc.,TSX Venture Exchange,Gold,5437435
TSXV:GUG,Gungnir Resources Inc.,TSX Venture Exchange,Gold,4785200
TSXV:ADZ,Adamera Minerals Corp.,TSX Venture Exchange,Other Precious Metals & Mining,3232020
TSXV:REE,ReeXploration Inc.,TSX Venture Exchange,Other Industrial Metals & Mining,6085310
TSXV:MUR,Murchison Minerals Ltd.,TSX Venture Exchange,Other Industrial Metals & Mining,3877562
TSXV:ID,Secure Blockchain Development Corp.,TSX Venture Exchange,Software - Application,5214476
TSXV:SYG,Sylla Gold Corp.,TSX Venture Exchange,Gold,2752742
TSXV:GKO,Geekco Technologies Corporation,TSX Venture Exchange,Software - Application,3304025
TSXV:CMIL,Capella Minerals Limited,TSX Venture Exchange,Other Precious Metals & Mining,2912665
TSXV:BLOK.H,BLOK Digital Ltd.,TSX Venture Exchange,"Computer Programming, Data Processing, And Other Computer Related Services",
TSXV:VKG,Norse Gold Corp.,TSX Venture Exchange,Gold,5242207
TSXV:PAR.H,Parent Capital Corp.,TSX Venture Exchange,Oil & Gas Exploration & Production,2368970
TSXV:MINE,Inomin Mines Inc.,TSX Venture Exchange,Other Industrial Metals & Mining,4901855
TSXV:AUTO,Agereh Technologies Inc.,TSX Venture Exchange,Software - Application,3139560
TSXV:NZP,Chatham Rock Phosphate Limited,TSX Venture Exchange,Other Industrial Metals & Mining,5770538
TSXV:VIS,Visionstate Corp.,TSX Venture Exchange,Information Technology Services,5166527
TSXV:VGD,Visible Gold Mines Inc.,TSX Venture Exchange,Gold,5015947
TSXV:LORD,St. James Gold Corp.,TSX Venture Exchange,Gold,4922177
TSXV:FRNT,FRNT Financial Inc.,TSX Venture Exchange,Capital Markets,5105508
TSXV:SCLT,Searchlight Resources Inc.,TSX Venture Exchange,Other Industrial Metals & Mining,3517107
TSXV:CRD,Copper Road Resources Inc.,TSX Venture Exchange,Other Industrial Metals & Mining,5075663
TSXV:BTT,Bitterroot Resources Ltd.,TSX Venture Exchange,Other Industrial Metals & Mining,4239342
TSXV:EWK,Earthworks Industries Inc.,TSX Venture Exchange,Waste Management,5061232
TSXV:USHA,Usha Resources Ltd.,TSX Venture Exchange,Other Industrial Metals & Mining,5058987
TSXV:HAR,Harfang Exploration Inc.,TSX Venture Exchange,Other Industrial Metals & Mining,4396790
TSXV:SMRV,Smooth Rock Ventures Corp.,TSX Venture Exchange,Other Industrial Metals & Mining,5196408
TSXV:FHR,Fiddlehead Resources Corp.,TSX Venture Exchange,Oil & Gas Exploration & Production,4638667
TSXV:GR,Great Atlantic Resources Corp.,TSX Venture Exchange,Other Industrial Metals & Mining,4970827
TSXV:TES,Tesoro Minerals Corp.,TSX Venture Exchange,Gold,4973319
TSXV:MET,Metalore Resources Limited,TSX Venture Exchange,Oil & Gas Exploration & Production,4970098
TSXV:MMM,Minco Capital Corp.,TSX Venture Exchange,Asset Management,4965226
TSXV:GEN,Generation Uranium Inc.,TSX Venture Exchange,Gold,4755397
TSXV:VMS,Vortex Metals Inc.,TSX Venture Exchange,Other Precious Metals & Mining,5561063
TSXV:HDRO,Primary Hydrogen Corp.,TSX Venture Exchange,Other Industrial Metals & Mining,4919141
TSXV:WCSB,Decimus Oil Corp.,TSX Venture Exchange,Oil & Gas Exploration & Production,4907551
TSXV:GNG,Golden Goliath Resources Ltd.,TSX Venture Exchange,Other Industrial Metals & Mining,2290331
TSXV:MCS,McChip Resources Inc.,TSX Venture Exchange,Oil & Gas Exploration & Production,7655531
TSXV:QCX,QcX Gold Corp.,TSX Venture Exchange,Gold,4975701
TSXV:NVI,Novra Technologies Inc.,TSX Venture Exchange,Communication Equipment,5135942
TSXV:GRD,Grounded Lithium Corp.,TSX Venture Exchange,Other Industrial Metals & Mining,4828784
TSXV:CPER,CopperCorp Resources Inc.,TSX Venture Exchange,Copper,3532865
TSXV:VG,Volcanic Gold Mines Inc.,TSX Venture Exchange,Gold,3644096
TSXV:SHRP,Sherpa II Holdings Corp.,TSX Venture Exchange,Shell Companies,4752752
TSXV:HO.P,H2 Ventures 1 Inc.,TSX Venture Exchange,Shell Companies,5814000
TSXV:GOK,GINSMS Inc.,TSX Venture Exchange,Telecom Services,4677959
TSXV:DELX,DelphX Capital Markets Inc.,TSX Venture Exchange,Capital Markets,4531203
TSXV:ASL,Argentum Silver Corp.,TSX Venture Exchange,Other Industrial Metals & Mining,5159854
TSXV:VLD,Vinland Lithium Inc.,TSX Venture Exchange,Other Industrial Metals & Mining,4623116
TSXV:MPV.P,Matchpoint Ventures Corp.,TSX Venture Exchange,Shell Companies,13055000
TSXV:OVL.H,Olivier Ventures Inc.,TSX Venture Exchange,Crude Petroleum and Natural Gas,
TSXV:VRR,VR Resources Ltd.,TSX Venture Exchange,Other Industrial Metals & Mining,1534600
TSXV:MINK,Mink Ventures Corporation,TSX Venture Exchange,Shell Companies,4144729
TSXV:SPX,Stellar AfricaGold Inc.,TSX Venture Exchange,Gold,2869360
TSXV:NGMD,NuGen Medical Devices Inc.,TSX Venture Exchange,Medical Devices,4540713
TSXV:ZONE,Zonetail Inc.,TSX Venture Exchange,Software - Application,4535935
TSXV:CBLU,Clear Blue Technologies International Inc.,TSX Venture Exchange,Solar,3537086
TSXV:OPW,Opawica Explorations Inc.,TSX Venture Exchange,Gold,4523959
TSXV:ABZ,AsiaBaseMetals Inc.,TSX Venture Exchange,Other Industrial Metals & Mining,4518258
TSXV:REVO,RevoluGROUP Canada Inc.,TSX Venture Exchange,Software - Application,4500458
TSXV:MNC,Magnetic North Acquisition Corp.,TSX Venture Exchange,Capital Markets,4432288
TSXV:PLY,Playfair Mining Ltd.,TSX Venture Exchange,Other Industrial Metals & Mining,785261
TSXV:EMR,Emergent Metals Corp.,TSX Venture Exchange,Gold,3228121
TSXV:ELXR.H,Elixxer Ltd.,TSX Venture Exchange,"Investors, not elsewhere classified",
TSXV:ACS,Archon Minerals Limited,TSX Venture Exchange,Other Precious Metals & Mining,4353340
TSXV:RMD,Richmond Minerals Inc.,TSX Venture Exchange,Other Precious Metals & Mining,3440271
TSXV:BM,BC Moly Ltd.,TSX Venture Exchange,Other Industrial Metals & Mining,4329758
TSXV:SPI,Canadian Spirit Resources Inc.,TSX Venture Exchange,Oil & Gas Exploration & Production,4322664
TSXV:SKRR,SKRR Exploration Inc.,TSX Venture Exchange,Other Industrial Metals & Mining,4312552
TSXV:KS,Klondike Silver Corp.,TSX Venture Exchange,Silver,4302114
TSXV:EFF,1844 Resources Inc.,TSX Venture Exchange,Other Industrial Metals & Mining,4975580
TSXV:DOS,Dios Exploration Inc.,TSX Venture Exchange,Other Precious Metals & Mining,4282712
TSXV:CLV,Canoe Mining Ventures Corp.,TSX Venture Exchange,Gold,4811443
TSXV:MCM.A,"Matachewan Consolidated Mines, Limited",TSX Venture Exchange,Oil & Gas Exploration & Production,5077868
TSXV:FTI,FTI Foodtech International Inc.,TSX Venture Exchange,Specialty Retail,4190645
TSXV:APX,Apex Resources Inc.,TSX Venture Exchange,Other Industrial Metals & Mining,4163193
TSXV:FNR,49 North Resources Inc.,TSX Venture Exchange,Asset Management,4157755
TSXV:MTX,Metalex Ventures Ltd.,TSX Venture Exchange,Other Precious Metals & Mining,4146719
TSXV:SIEN,Sienna Resources Inc.,TSX Venture Exchange,Other Industrial Metals & Mining,4085585
TSXV:GLD,Gold Finder Resources Ltd.,TSX Venture Exchange,Other Precious Metals & Mining,4126512
TSXV:CAN,Canadian Gold Resources Ltd.,TSX Venture Exchange,Gold,4938199
TSXV:BES,Braille Energy Systems Inc.,TSX Venture Exchange,Electrical Equipment & Parts,4103505
TSXV:ZKL.H,China Keli Electric Company Ltd.,TSX Venture Exchange,Shell Companies,4052750
TSXV:KBRA,Kubera Gold Corp.,TSX Venture Exchange,Gold,4045406
TSXV:IMR,iMetal Resources Inc.,TSX Venture Exchange,Gold,1007460
TSXV:TELO,Telo Genomics Corp.,TSX Venture Exchange,Diagnostics & Research,4017219
TSXV:KNOX,Vault Strategic Mining Corp.,TSX Venture Exchange,Other Precious Metals & Mining,3084071
TSXV:ZLTO,BULGOLD Inc.,TSX Venture Exchange,Gold,4357561
TSXV:TUK,Tuktu Resources Ltd.,TSX Venture Exchange,Oil & Gas Exploration & Production,3983453
TSXV:MATA,Matador Technologies Inc.,TSX Venture Exchange,Capital Markets,3558513
TSXV:BEA,Belmont Resources Inc.,TSX Venture Exchange,Other Industrial Metals & Mining,3185490
TSXV:MON,Montero Mining and Exploration Ltd.,TSX Venture Exchange,Other Industrial Metals & Mining,4987761
TSXV:WCU,World Copper Ltd.,TSX Venture Exchange,Copper,3943966
TSXV:SKYG,Sky Gold Corp.,TSX Venture Exchange,Other Industrial Metals & Mining,2200088
TSXV:KTRI,Kootenay Resources Inc.,TSX Venture Exchange,Silver,3488116
TSXV:CELL,Grid Battery Metals Inc.,TSX Venture Exchange,Other Industrial Metals & Mining,3867616
TSXV:CBLT,CBLT Inc.,TSX Venture Exchange,Other Industrial Metals & Mining,3858854
TSXV:EGT,Eguana Technologies Inc.,TSX Venture Exchange,Electrical Equipment & Parts,3841626
TSXV:DCOP,District Copper Corp.,TSX Venture Exchange,Other Industrial Metals & Mining,2623752
TSXV:WCE,WesCan Energy Corp.,TSX Venture Exchange,Oil & Gas Exploration & Production,3796355
TSXV:CYL,Ceylon Graphite Corp.,TSX Venture Exchange,Other Industrial Metals & Mining,3086430
TSXV:CFA.H,Clear Gold Resources Inc.,TSX Venture Exchange,Metal Mining,
TSXV:AME,Abacus Mining & Exploration Corporation,TSX Venture Exchange,Other Industrial Metals & Mining,3749120
TSXV:KIP,Kiplin Metals Inc.,TSX Venture Exchange,Gold,3091809
TSXV:NL,Northern Lion Gold Corp.,TSX Venture Exchange,Other Industrial Metals & Mining,3539275
TSXV:SAY,Sparta Capital Ltd.,TSX Venture Exchange,Pollution & Treatment Controls,3738831
TSXV:BMV,Bathurst Metals Corp.,TSX Venture Exchange,Other Industrial Metals & Mining,3736777
TSXV:AISX,Aisix Solutions Inc.,TSX Venture Exchange,Software - Application,3715017
TSXV:LTX,Labrador Resources Inc.,TSX Venture Exchange,Oil & Gas Exploration & Production,1850411
TSXV:CBI,Colibri Resource Corporation,TSX Venture Exchange,Other Industrial Metals & Mining,2308353
TSXV:PRH,Pearl River Holdings Limited,TSX Venture Exchange,Packaging & Containers,3686840
TSXV:IN,Infield Minerals Corp.,TSX Venture Exchange,Other Precious Metals & Mining,3685154
TSXV:OVT,Oculus Inc.,TSX Venture Exchange,Software - Infrastructure,3656903
TSXV:QMC,QMC Quantum Minerals Corp.,TSX Venture Exchange,Other Industrial Metals & Mining,3642829
TSXV:SRI,Sparton Resources Inc.,TSX Venture Exchange,Other Industrial Metals & Mining,3634545
TSXV:VTT,Vendetta Mining Corp.,TSX Venture Exchange,Other Industrial Metals & Mining,3626891
TSXV:RJX.A,RJK Explorations Ltd.,TSX Venture Exchange,Other Precious Metals & Mining,2432275
TSXV:ORCL,Oracle Commodity Holding Corp.,TSX Venture Exchange,Asset Management,4007203
TSXV:CZ.H,Cassius Ventures Ltd.,TSX Venture Exchange,Metal Mining,
TSXV:VEC.H,Vanadian Energy Corp.,TSX Venture Exchange,Metal Mining,
TSXV:APN,Altiplano Metals Inc.,TSX Venture Exchange,Other Industrial Metals & Mining,3551237
TSXV:SUI,Superior Mining International Corporation,TSX Venture Exchange,Other Industrial Metals & Mining,3526787
TSXV:ODD.H,Odd Burger Corporation,TSX Venture Exchange,Eating Places,
TSXV:AVU,Avrupa Minerals Ltd.,TSX Venture Exchange,Other Industrial Metals & Mining,2910366
TSXV:RKV,Rakovina Therapeutics Inc.,TSX Venture Exchange,Biotechnology,3295839
TSXV:IVX,Inventronics Limited,TSX Venture Exchange,Metal Fabrication,3409802
TSXV:QPT,Quest PharmaTech Inc.,TSX Venture Exchange,Biotechnology,5073877
TSXV:JTWO,J2 Metals Inc.,TSX Venture Exchange,Other Precious Metals & Mining,3187440
TSXV:LUXR,Luxor Metals Ltd.,TSX Venture Exchange,Other Industrial Metals & Mining,3176079
TSXV:THRM,Therma Bright Inc.,TSX Venture Exchange,Medical Devices,3368564
TSXV:QURI,Quri-Mayu Developments Ltd.,TSX Venture Exchange,Other Industrial Metals & Mining,3368082
TSXV:SPD,Silver Predator Corp.,TSX Venture Exchange,Silver,3362120
TSXV:LSTR,Lodestar Metals Corp.,TSX Venture Exchange,Other Industrial Metals & Mining,1569523
TSXV:RUM,Rocky Mountain Liquor Inc.,TSX Venture Exchange,Specialty Retail,3347944
TSXV:RRR.UN,R&R Real Estate Investment Trust,TSX Venture Exchange,REIT - Hotel & Motel,3344622
TSXV:GST,Gold Strategy Inc.,TSX Venture Exchange,Asset Management,3340401
TSXV:PNN,Pambili Natural Resources Corporation,TSX Venture Exchange,Oil & Gas Exploration & Production,3331694
TSXV:SSE,Silver Spruce Resources Inc.,TSX Venture Exchange,Other Industrial Metals & Mining,2052968
TSXV:PMX,ProAm Explorations Corporation,TSX Venture Exchange,Oil & Gas Exploration & Production,3401167
TSXV:OLV,Olivut Resources Ltd.,TSX Venture Exchange,Other Precious Metals & Mining,3296124
TSXV:WP,Western Pacific Trust Company,TSX Venture Exchange,Asset Management,3286694
TSXV:BEM,Brasnova Energy Materials Inc.,TSX Venture Exchange,Other Industrial Metals & Mining,3726421
TSXV:AWM,Angel Wing Metals Inc.,TSX Venture Exchange,Other Precious Metals & Mining,3237977
TSXV:FA,Fountain Asset Corp.,TSX Venture Exchange,Asset Management,3220723
TSXV:MTH,Mammoth Resources Corp.,TSX Venture Exchange,Other Precious Metals & Mining,2253990
TSXV:PHD,Providence Gold Mines Inc.,TSX Venture Exchange,Gold,3540036
TSXV:NVT,Nortec Minerals Corp.,TSX Venture Exchange,Other Industrial Metals & Mining,3537399
TSXV:MT,M3 Metals Corp.,TSX Venture Exchange,Other Industrial Metals & Mining,4468349
TSXV:DHB,Delivra Health Brands Inc.,TSX Venture Exchange,Drug Manufacturers - Specialty & Generic,3126178
TSXV:OSM,Osiris One Metals Ltd.,TSX Venture Exchange,Other Industrial Metals & Mining,3120559
TSXV:JTC,JEMTEC Inc.,TSX Venture Exchange,Scientific & Technical Instruments,3074147
TSXV:PTFY,"Plantify Foods, Inc.",TSX Venture Exchange,Farm Products,3071984
TSXV:ATOM,Atomic Minerals Corporation,TSX Venture Exchange,Other Industrial Metals & Mining,3058765
TSXV:ZCT,"Zero Candida Technologies, Inc.",TSX Venture Exchange,Medical Devices,2734625
TSXV:GMI.H,Green Mining Innovation Inc.,TSX Venture Exchange,"Miscellaneous Metal Ores, Not Elsewhere Classified",
TSXV:AJA,AJA Health and Wellness Inc.,TSX Venture Exchange,Health Information Services,3034071
TSXV:APL,Appulse Corporation,TSX Venture Exchange,Pollution & Treatment Controls,3028322
TSXV:KIB,Kiboko Gold Inc.,TSX Venture Exchange,Gold,3089467
TSXV:EAU,Engineer Gold Mines Ltd.,TSX Venture Exchange,Gold,3393199
TSXV:CCD,Cascadero Copper Corporation,TSX Venture Exchange,Other Industrial Metals & Mining,4501947
TSXV:OEG.H,ONEnergy Inc.,TSX Venture Exchange,Cogeneration Services and Small Power Producers,
TSXV:CONE,Canada One Mining Corp.,TSX Venture Exchange,Other Industrial Metals & Mining,3190375
TSXV:SOLR,Solar Alliance Energy Inc.,TSX Venture Exchange,Solar,2951939
TSXV:GAMA,Gamma Resources Ltd.,TSX Venture Exchange,Other Industrial Metals & Mining,1960002
TSXV:WLR,Walker Lane Resources Ltd.,TSX Venture Exchange,Other Precious Metals & Mining,2219679
TSXV:VLI,Vision Lithium Inc.,TSX Venture Exchange,Other Industrial Metals & Mining,2930190
TSXV:GEL,Graphano Energy Ltd.,TSX Venture Exchange,Other Industrial Metals & Mining,2299491
TSXV:GLDN,Golden Ridge Resources Ltd.,TSX Venture Exchange,Other Precious Metals & Mining,2927066
TSXV:MTLO,Martello Technologies Group Inc.,TSX Venture Exchange,Software - Infrastructure,2918537
TSXV:VENT,Ventra Metals Corp.,TSX Venture Exchange,Other Industrial Metals & Mining,2911003
TSXV:CRB,Cariboo Rose Resources Ltd.,TSX Venture Exchange,Other Precious Metals & Mining,2900594
TSXV:SSA,Spectra Products Inc.,TSX Venture Exchange,Auto Parts,3786113
TSXV:ULT,Ultra Lithium Inc.,TSX Venture Exchange,Other Industrial Metals & Mining,2866430
TSXV:YOO,YANGAROO Inc.,TSX Venture Exchange,Internet Content & Information,2860941
TSXV:ACDC,AC/DC Battery Metals Inc.,TSX Venture Exchange,Other Precious Metals & Mining,2853677
TSXV:ALM,Alliance Mining Corp.,TSX Venture Exchange,Gold,2752295
TSXV:GCN,Goldcliff Resource Corporation,TSX Venture Exchange,Gold,2829677
TSXV:RNCH,Ranchero Gold Corp.,TSX Venture Exchange,Gold,2825160
TSXV:FTEC,Fintech Select Ltd.,TSX Venture Exchange,Software - Infrastructure,2801733
TSXV:DEAL,Playgon Games Inc.,TSX Venture Exchange,Software - Application,2031280
TSXV:NAP,Napoleon Resources Inc.,TSX Venture Exchange,Other Industrial Metals & Mining,1928309
TSXV:ANTL,Antler Gold Inc.,TSX Venture Exchange,Gold,2724928
TSXV:KGC,Kestrel Gold Inc.,TSX Venture Exchange,Gold,2718025
TSXV:RMI,Ridgestone Mining Inc.,TSX Venture Exchange,Other Industrial Metals & Mining,2677716
TSXV:AGH.H,Canadian Silver Hunter Inc.,TSX Venture Exchange,Other Industrial Metals & Mining,427795
TSXV:GBML,Global Battery Metals Ltd.,TSX Venture Exchange,Other Industrial Metals & Mining,1413707
TSXV:BEAR,Big Bear Gold Corp.,TSX Venture Exchange,Gold,1810575
TSXV:APMI,Apogee Minerals Ltd.,TSX Venture Exchange,Gold,2631600
TSXV:KGS,Kingman Minerals Ltd.,TSX Venture Exchange,Other Precious Metals & Mining,756156
TSXV:UNO.H,Northern Uranium Corp.,TSX Venture Exchange,Uranium,2621056
TSXV:JJJJ,J4 Ventures Resources Corp.,TSX Venture Exchange,"Unit Investment Trusts, Face-Amount Certificate Offices, and Closed-End Management Investment Offices",
TSXV:IZZ,International Prospect Ventures Ltd.,TSX Venture Exchange,Other Industrial Metals & Mining,2552425
TSXV:ODX.H,Odyssey Resources Limited,TSX Venture Exchange,Other Industrial Metals & Mining,2549244
TSXV:NGY,Nexera Energy Inc.,TSX Venture Exchange,Oil & Gas Exploration & Production,2548261
TSXV:CTN,Centurion Minerals Ltd.,TSX Venture Exchange,Other Industrial Metals & Mining,3618518
TSXV:CZZ,Cleghorn Minerals Ltd.,TSX Venture Exchange,Other Industrial Metals & Mining,2515750
TSXV:ATI.H,Altai Resources Inc.,TSX Venture Exchange,Metal Mining,
TSXV:OPHR,Ophir Metals Corp.,TSX Venture Exchange,Gold,2497154
TSXV:POOL,Pool Safe Inc.,TSX Venture Exchange,Leisure,2485569
TSXV:NEW.H,New Target Mining Corp.,TSX Venture Exchange,Gold Ores,
TSXV:EGM,EnGold Mines Ltd.,TSX Venture Exchange,Other Industrial Metals & Mining,2482892
TSXV:ALY,AnalytixInsight Inc.,TSX Venture Exchange,Software - Application,2433734
TSXV:WATR,Current Water Technologies Inc.,TSX Venture Exchange,Pollution & Treatment Controls,2465900
TSXV:SMR.H,Shine Minerals Corp.,TSX Venture Exchange,Metal Mining,
TSXV:BP.H,Backstageplay Inc.,TSX Venture Exchange,Other,5487548
TSXV:VYC.H,Vanity Capital Inc.,TSX Venture Exchange,Shell Companies,2422692
TSXV:CUEX,CopperEx Resources Corporation,TSX Venture Exchange,Other Industrial Metals & Mining,2705806
TSXV:ADD,Arctic Star Exploration Corp.,TSX Venture Exchange,Other Precious Metals & Mining,2387104
TSXV:AVG,Avidian Gold Corp.,TSX Venture Exchange,Gold,1545088
TSXV:RMO,Rainy Mountain Royalty Corp.,TSX Venture Exchange,Other Industrial Metals & Mining,2362516
TSXV:AML,Akwaaba Mining Ltd.,TSX Venture Exchange,Gold,2339694
TSXV:PRS.H,Prism Resources Inc.,TSX Venture Exchange,Other Industrial Metals & Mining,2337543
TSXV:CSTR,CryptoStar Corp.,TSX Venture Exchange,Capital Markets,2329487
TSXV:PAT,Patterson Metals Corp.,TSX Venture Exchange,Uranium,2310987
TSXV:SRQ,SRQ Resources Inc.,TSX Venture Exchange,Other Industrial Metals & Mining,2535260
TSXV:VCV,Vatic Ventures Corp.,TSX Venture Exchange,Other Industrial Metals & Mining,1654055
TSXV:FWTC,Forward Water Technologies Corp.,TSX Venture Exchange,Utilities - Regulated Water,2212856
TSXV:VRB,Vanadiumcorp Resource Inc.,TSX Venture Exchange,Other Industrial Metals & Mining,1354609
TSXV:STW,Stockworks Gold Inc.,TSX Venture Exchange,Gold,1632951
TSXV:JDN,Jayden Resources Inc.,TSX Venture Exchange,Other Precious Metals & Mining,1667760
TSXV:TORC,TinOne Resources Inc.,TSX Venture Exchange,Gold,2189058
TSXV:ALT,Alturas Minerals Corp.,TSX Venture Exchange,Other Industrial Metals & Mining,2184482
TSXV:GVR,Grosvenor Resource Corporation,TSX Venture Exchange,Other Precious Metals & Mining,2171046
TSXV:PGX,Prosper Gold Corp.,TSX Venture Exchange,Gold,2170258
TSXV:PTC,Petrox Resources Corp.,TSX Venture Exchange,Oil & Gas Exploration & Production,1891852
TSXV:AGET,AGEDB Technology Ltd.,TSX Venture Exchange,Software - Infrastructure,2160178
TSXV:LSD.H,Lightspeed Discoveries Inc.,TSX Venture Exchange,Metal Mining,
TSXV:CTG,Centenario Gold Corp.,TSX Venture Exchange,Gold,2126658
TSXV:RVLY,Rivalry Corp.,TSX Venture Exchange,Gambling,436345
TSXV:CANB,CanadaBis Capital Inc.,TSX Venture Exchange,Drug Manufacturers - Specialty & Generic,2115342
TSXV:UIG,Urban Infrastructure Group Inc.,TSX Venture Exchange,Engineering & Construction,2098458
TSXV:FG,Falcon Gold Corp.,TSX Venture Exchange,Gold,2372455
TSXV:WFLD,Wellfield Technologies Inc.,TSX Venture Exchange,Software - Application,2074312
TSXV:FEX,Fjordland Exploration Inc.,TSX Venture Exchange,Other Industrial Metals & Mining,2073388
TSXV:JEC,Jura Energy Corporation,TSX Venture Exchange,Oil & Gas Exploration & Production,2072290
TSXV:BET,NorthStar Gaming Holdings Inc.,TSX Venture Exchange,Gambling,2067647
TSXV:EKG,"CardioComm Solutions, Inc.",TSX Venture Exchange,Health Information Services,1975821
TSXV:IMC,Ibero Mining Corp.,TSX Venture Exchange,Other Precious Metals & Mining,2381220
TSXV:NXO.H,NexOptic Technology Corp.,TSX Venture Exchange,Electronic Components And Accessories,
TSXV:MVY.H,Moovly Media Inc.,TSX Venture Exchange,"Computer Programming, Data Processing, And Other Computer Related Services",
TSXV:IVC.H,Interconnect Ventures Corporation,TSX Venture Exchange,Metal Mining,
TSXV:GGX,GGX Gold Corp.,TSX Venture Exchange,Gold,1919719
TSXV:MMN,Monarca Minerals Inc.,TSX Venture Exchange,Other Precious Metals & Mining,1898319
TSXV:IRI,IEMR Resources Inc.,TSX Venture Exchange,Other Industrial Metals & Mining,1896142
TSXV:LFST,Lifeist Wellness Inc.,TSX Venture Exchange,Packaged Foods,1894320
TSXV:COS,Coniagas Battery Metals Inc.,TSX Venture Exchange,Other Industrial Metals & Mining,1892961
TSXV:CHY.H,Cypress Hills Resource Corp.,TSX Venture Exchange,Oil & Gas Exploration & Production,5788980
TSXV:TNO.H,Terreno Resources Corp.,TSX Venture Exchange,Other Precious Metals & Mining,3337717
TSXV:GDX,Goldex Resources Corporation,TSX Venture Exchange,Gold,1820649
TSXV:ENRG,New Energy Metals Corp.,TSX Venture Exchange,Other Industrial Metals & Mining,1995706
TSXV:RV,Pathfinder Ventures Inc.,TSX Venture Exchange,Resorts & Casinos,1371252
TSXV:BIGT,Big Tree Carbon Inc.,TSX Venture Exchange,Gold,1789797
TSXV:GRI,Galore Resources Inc.,TSX Venture Exchange,Other Industrial Metals & Mining,1773006
TSXV:TWY.H,Twyford Ventures Inc.,TSX Venture Exchange,Metal Mining,
TSXV:FFP,Consolidated Firstfund Capital Corp.,TSX Venture Exchange,Asset Management,1728076
TSXV:ISGI,InsuraGuest Technologies Inc.,TSX Venture Exchange,Software - Application,1705338
TSXV:FUSE,Fuse Battery Metals Inc.,TSX Venture Exchange,Other Industrial Metals & Mining,1693338
TSXV:FV.H,Firestone Ventures Inc.,TSX Venture Exchange,Metal Mining,
TSXV:GEMC,Global Energy Metals Corporation,TSX Venture Exchange,Other Industrial Metals & Mining,1689303
TSXV:WEC,Winchester Equity Corporation,TSX Venture Exchange,Copper,1686958
TSXV:IMM,International Metals Mining Corp.,TSX Venture Exchange,Other Precious Metals & Mining,1686878
TSXV:GSS,Gossan Resources Limited,TSX Venture Exchange,Other Industrial Metals & Mining,1686491
TSXV:DMI,Diamcor Mining Inc.,TSX Venture Exchange,Other Precious Metals & Mining,1686389
TSXV:SPZ,SuperBuzz Inc.,TSX Venture Exchange,Software - Application,1682601
TSXV:FMM,Full Metal Minerals Ltd.,TSX Venture Exchange,Other Industrial Metals & Mining,2075936
TSXV:PBM,Pacific Bay Minerals Ltd.,TSX Venture Exchange,Other Precious Metals & Mining,1592023
TSXV:DTWO,D2 Lithium Corp.,TSX Venture Exchange,Other Industrial Metals & Mining,1630431
TSXV:BRON,Bronco Resources Corp.,TSX Venture Exchange,Gold,1618731
TSXV:ENEV,Enerev5 Metals Inc.,TSX Venture Exchange,Electrical Equipment & Parts,1715484
TSXV:WPR,CANPR Technology Ltd.,TSX Venture Exchange,Personal Services,1814755
TSXV:RRRL,River Road Resources Ltd.,TSX Venture Exchange,Other Industrial Metals & Mining,1607667
TSXV:QRO,Quadro Resources Ltd.,TSX Venture Exchange,Gold,1786293
TSXV:RPP,Regent Pacific Properties Inc.,TSX Venture Exchange,Real Estate Services,1601560
TSXV:MML.H,MML Acquisition Corp.,TSX Venture Exchange,"Computer Programming, Data Processing, And Other Computer Related Services",
TSXV:RES,Auric Resources Corp.,TSX Venture Exchange,Other Industrial Metals & Mining,2251643
TSXV:GHL,Goldhills Holding Ltd.,TSX Venture Exchange,Other Industrial Metals & Mining,1415340
TSXV:IBO,Universal Ibogaine Inc.,TSX Venture Exchange,Biotechnology,1564293
TSXV:BITK,BlockchainK2 Corp.,TSX Venture Exchange,Software - Infrastructure,1141256
TSXV:BNZ,Bonanza Mining Corporation,TSX Venture Exchange,Other Precious Metals & Mining,1662644
TSXV:IMPT,Impact Development Group Inc.,TSX Venture Exchange,Real Estate - Development,1543605
TSXV:EDDY,Edison Lithium Corp.,TSX Venture Exchange,Other Industrial Metals & Mining,948530
TSXV:CAND.H,Candelaria Mining Corp.,TSX Venture Exchange,Gold,1498730
TSXV:SBO.H,Schwabo Capital Corporation,TSX Venture Exchange,Shell Companies,1100756
TSXV:PDQ,Paradigm Gold Corporation,TSX Venture Exchange,Other Industrial Metals & Mining,1406523
TSXV:CSL.H,Comstock Metals Ltd.,TSX Venture Exchange,Gold And Silver Ores,
TSXV:SAT,Asian Television Network International Limited,TSX Venture Exchange,Broadcasting,1464175
TSXV:TRAN,Clean Energy Transition Inc.,TSX Venture Exchange,Other Industrial Metals & Mining,1461034
TSXV:EW,East West Minerals Ltd.,TSX Venture Exchange,Oil & Gas Exploration & Production,1447769
TSXV:BKMT,Blockmint Technologies Inc.,TSX Venture Exchange,Capital Markets,1447278
TSXV:DIG.H,District Mines Ltd.,TSX Venture Exchange,Oil & Gas Exploration & Production,1417806
TSXV:PINE.UN,Pine Trail Real Estate Investment Trust,TSX Venture Exchange,REIT - Healthcare Facilities,1417706
TSXV:BGA,BioNeutra Global Corporation,TSX Venture Exchange,Packaged Foods,1393463
TSXV:TRS,Tres-Or Resources Ltd.,TSX Venture Exchange,Other Precious Metals & Mining,1514031
TSXV:BARK,Black Spruce Exploration Inc.,TSX Venture Exchange,Other Industrial Metals & Mining,1381535
TSXV:CLUS,Colossus Resources Corp.,TSX Venture Exchange,Other Precious Metals & Mining,1367973
TSXV:BLDS,Badlands Resources Inc.,TSX Venture Exchange,Gold,1356871
TSXV:WAVE,Waverley Pharma Inc.,TSX Venture Exchange,Biotechnology,1350000
TSXV:OPTG,Optegra Ventures Inc.,TSX Venture Exchange,Other Industrial Metals & Mining,1342492
TSXV:IFR,International Frontier Resources Corporation,TSX Venture Exchange,Oil & Gas Exploration & Production,1332989
TSXV:TEA.H,Tearlach Resources Limited,TSX Venture Exchange,Metal Mining,
TSXV:PFC,PetroFrontier Corp.,TSX Venture Exchange,Oil & Gas Exploration & Production,4673702
TSXV:XPLR,Xplore Resources Corp.,TSX Venture Exchange,Other Precious Metals & Mining,1315037
TSXV:FTJ,Fort St. James Nickel Corp.,TSX Venture Exchange,Other Industrial Metals & Mining,1312413
TSXV:CUB,CubicFarm Systems Corp.,TSX Venture Exchange,Farm & Heavy Construction Machinery,4343853
TSXV:ARC,ARCpoint Inc.,TSX Venture Exchange,Diagnostics & Research,1283588
TSXV:TMS.H,Targeted Microwave Solutions Inc.,TSX Venture Exchange,Pollution & Treatment Controls,1280244
TSXV:ARL,Aurum Lake Mining Corporation,TSX Venture Exchange,Shell Companies,1264037
TSXV:RTE,Route 109 Resources Inc.,TSX Venture Exchange,Gold,1256991
TSXV:BECN,Beacn Wizardry and Magic Inc.,TSX Venture Exchange,Consumer Electronics,1255154
TSXV:EGR,EGR Exploration Ltd.,TSX Venture Exchange,Gold,1250976
TSXV:PPM,Pacific Imperial Mines Inc.,TSX Venture Exchange,Gold,1241405
TSXV:EPO.H,Encanto Potash Corp.,TSX Venture Exchange,Other Industrial Metals & Mining,1241394
TSXV:LWR,Lake Winn Resources Corp.,TSX Venture Exchange,Gold,1240131
TSXV:CTA,Centaurus Energy Inc.,TSX Venture Exchange,Oil & Gas Exploration & Production,1414621
TSXV:CCB,Canada Carbon Inc.,TSX Venture Exchange,Other Industrial Metals & Mining,121141
TSXV:LET.H,Letho Resources Corp.,TSX Venture Exchange,Oil and Gas Extraction,
TSXV:ESXR,Essex Resources Corp.,TSX Venture Exchange,Other Industrial Metals & Mining,1161000
TSXV:ETU,E2Gold Inc.,TSX Venture Exchange,Gold,1147521
TSXV:JADE,Jade Leader Corp.,TSX Venture Exchange,Other Precious Metals & Mining,1120609
TSXV:SOO.P,Spectre Capital Corp.,TSX Venture Exchange,Shell Companies,1720000
TSXV:NPV,Next Phase Ventures Ltd.,TSX Venture Exchange,Farm Products,1119790
TSXV:ACU,Aurora Solar Technologies Inc.,TSX Venture Exchange,Solar,1110970
TSXV:DG,Dixie Gold Inc.,TSX Venture Exchange,Other Industrial Metals & Mining,1110802
TSXV:BWR,BWR Exploration Inc.,TSX Venture Exchange,Other Industrial Metals & Mining,1105104
TSXV:MCA.H,Milner Consolidated Silver Mines Ltd.,TSX Venture Exchange,Other Industrial Metals & Mining,630030
TSXV:CAG,Composite Alliance Group Inc.,TSX Venture Exchange,Specialty Industrial Machinery,2204672
TSXV:JAEG.H,Jaeger Resources Corp.,TSX Venture Exchange,Metal Mining,
TSXV:MILE,Twenty Mile Metals Inc.,TSX Venture Exchange,Rental & Leasing Services,16290400
TSXV:NUG,NuLegacy Gold Corporation,TSX Venture Exchange,Gold,984333
TSXV:VGN,Greencastle Resources Ltd.,TSX Venture Exchange,Oil & Gas Exploration & Production,1154213
TSXV:LALI,Latam Lithium Corp.,TSX Venture Exchange,Other Industrial Metals & Mining,1052663
TSXV:INFI,Infinitum Copper Corp.,TSX Venture Exchange,Copper,1195135
TSXV:HANS,Hanstone Gold Corp.,TSX Venture Exchange,Other Industrial Metals & Mining,775396
TSXV:SA.H,Southern Arc Minerals Inc.,TSX Venture Exchange,Gold,1024572
TSXV:XL,XXL Energy Corp.,TSX Venture Exchange,Oil & Gas Exploration & Production,1015412
TSXV:AUR.H,Aurora Royalties Inc.,TSX Venture Exchange,Other Industrial Metals & Mining,1012166
TSXV:LKY,Lucky Minerals Inc.,TSX Venture Exchange,Other Industrial Metals & Mining,1011270
TSXV:CANS,Wildpack Beverage Inc.,TSX Venture Exchange,Specialty Business Services,1001838
TSXV:PWRO,Power One Resources Corp.,TSX Venture Exchange,Other Industrial Metals & Mining,996557
TSXV:SKK,Strikewell Energy Corp.,TSX Venture Exchange,Oil & Gas Exploration & Production,1035223
TSXV:ICRS,Icarus Capital Corp.,TSX Venture Exchange,Entertainment,986451
TSXV:TTO.H,Atoro Capital Corp.,TSX Venture Exchange,Shell Companies,973327
TSXV:AKH.H,Alaska Hydro Corporation,TSX Venture Exchange,Utilities - Renewable,959243
TSXV:ACR.H,Auscan Resources Inc.,TSX Venture Exchange,Industrial Inorganic Chemicals,
TSXV:CSPN,"CareSpan Health, Inc.",TSX Venture Exchange,Health Information Services,952320
TSXV:NTE,Network Media Group Inc.,TSX Venture Exchange,Entertainment,948735
TSXV:KEON.H,Keon Capital Inc.,TSX Venture Exchange,"Miscellaneous Metal Ores, Not Elsewhere Classified",
TSXV:BST,Bessor Minerals Inc.,TSX Venture Exchange,Other Industrial Metals & Mining,938568
TSXV:HCM.H,Highcliff Metals Corp.,TSX Venture Exchange,Non-operating Establishments,
TSXV:GENX,Genix Pharmaceuticals Corporation,TSX Venture Exchange,Drug Manufacturers - Specialty & Generic,918361
TSXV:BRTA.H,Beretta Ventures Ltd.,TSX Venture Exchange,"Unit Investment Trusts, Face-Amount Certificate Offices, and Closed-End Management Investment Offices",
TSXV:AST,Astron Connect Inc.,TSX Venture Exchange,Packaged Foods,908137
TSXV:CUCU,Global Copper Corp.,TSX Venture Exchange,Other Industrial Metals & Mining,906454
TSXV:ICON,International Iconic Gold Exploration Corp.,TSX Venture Exchange,Gold,904952
TSXV:MONA.P,Monarch West Ventures Inc.,TSX Venture Exchange,Shell Companies,1170000
TSXV:KOVO,Kovo+ Holdings Inc.,TSX Venture Exchange,Health Information Services,2697093
TSXV:PWH,PureWave Hydrogen Corp.,TSX Venture Exchange,Oil & Gas Exploration & Production,891825
TSXV:YAK.H,Mongolia Growth Group Ltd.,TSX Venture Exchange,Real Estate Services,891054
TSXV:OKAI,EvokAI Creative Labs Inc.,TSX Venture Exchange,Health Information Services,874631
TSXV:JNH,Jack Nathan Medical Corp.,TSX Venture Exchange,Medical Care Facilities,413492
TSXV:AORO,Aloro Mining Corp.,TSX Venture Exchange,Gold,865938
TSXV:ZZE.H,Zidane Capital Corp.,TSX Venture Exchange,Shell Companies,1255326
TSXV:POND,Pond Technologies Holdings Inc.,TSX Venture Exchange,Farm Products,855922
TSXV:TBLZ.P,Trail Blazer Capital Corp.,TSX Venture Exchange,Shell Companies,1125000
TSXV:ABC,Absolutely Critical Resources Corp.,TSX Venture Exchange,Other Industrial Metals & Mining,1011303
TSXV:PTE,Pioneering Technology Corp.,TSX Venture Exchange,Security & Protection Services,840626
TSXV:WRI.H,Waseco Resources Inc.,TSX Venture Exchange,Metal Mining,
TSXV:BCC.H,Bantam Capital Corp.,TSX Venture Exchange,Non-operating Establishments,
TSXV:ECCF.P,ECC Ventures 4 Corp.,TSX Venture Exchange,Shell Companies,1299500
TSXV:NED,New Destiny Mining Corp.,TSX Venture Exchange,Other Industrial Metals & Mining,678170
TSXV:KYS.H,Kaymus Resources Inc.,TSX Venture Exchange,Oil & Gas Exploration & Production,775634
TSXV:PEC.H,Peak Discovery Capital Ltd.,TSX Venture Exchange,Non-operating Establishments,
TSXV:JAB.P,Jabbo Capital Corp.,TSX Venture Exchange,Shell Companies,755000
TSXV:AVR,Avaron Mining Corp.,TSX Venture Exchange,Shell Companies,752324
TSXV:KMC.H,KMT Hansa Corp.,TSX Venture Exchange, Drug Manufacturers - Specialty & Generic,1580939
TSXV:IPD,International Parkside Products Inc.,TSX Venture Exchange,Specialty Chemicals,660322
TSXV:BER.H,BE Resources Inc.,TSX Venture Exchange,Other Industrial Metals & Mining,738266
TSXV:INFM,Infinico Metals Corp.,TSX Venture Exchange,Gold,817058
TSXV:SAF.H,Seasif Exploration Inc.,TSX Venture Exchange,Metal Mining,
TSXV:GER,Glen Eagle Resources Inc.,TSX Venture Exchange,Other Industrial Metals & Mining,729009
TSXV:SIQ.H,SiQ Mountain Industries Inc.,TSX Venture Exchange,"Sporting and Athletic Goods, not elsewhere classified",
TSXV:DHR.H,Discovery Harbour Resources Corp.,TSX Venture Exchange,Metal Mining,
TSXV:GPCC.P,Green Panda Capital Corp.,TSX Venture Exchange,Shell Companies,1300418
TSXV:VXL,Vaxil Bio Ltd.,TSX Venture Exchange,Biotechnology,493620
TSXV:KLX,Carbon Done Right Developments Inc.,TSX Venture Exchange,Information Technology Services,558499
TSXV:SVP.H,Sceptre Ventures Inc.,TSX Venture Exchange,"Unit Investment Trusts, Face-Amount Certificate Offices, and Closed-End Management Investment Offices",
TSXV:BUZ.P,Buzz Capital Inc.,TSX Venture Exchange,Shell Companies,1345599
TSXV:ELM,Element Lifestyle Retirement Inc.,TSX Venture Exchange,Medical Care Facilities,704783
TSXV:CYF,Canyon Creek Food Company Ltd.,TSX Venture Exchange,Packaged Foods,702978
TSXV:KLE.H,Kingsland Energy Corp.,TSX Venture Exchange,Oil & Gas Exploration & Production,700612
TSXV:TBIX,TrustBIX Inc.,TSX Venture Exchange,Software - Application,658500
TSXV:HAWK,Hawkeye Gold & Diamond Inc.,TSX Venture Exchange,Other Precious Metals & Mining,587382
TSXV:OTGO.H,O2Gold Inc.,TSX Venture Exchange,Gold Ores,
TSXV:DCY,Discovery-Corp Enterprises Inc.,TSX Venture Exchange,Other Precious Metals & Mining,673354
TSXV:CEL.H,Columbus Energy Limited,TSX Venture Exchange,Oil & Gas Exploration & Production,672305
TSXV:AQS.H,Aequus Pharmaceuticals Inc.,TSX Venture Exchange,Pharmaceutical Preparations,
TSXV:MAH,Marksmen Energy Inc.,TSX Venture Exchange,Oil & Gas Exploration & Production,554920
TSXV:XOX.P,Planet X Capital Corp.,TSX Venture Exchange,Shell Companies,1290000
TSXV:GOFL,Goldflare Exploration Inc.,TSX Venture Exchange,Gold,650456
TSXV:BAV.H,Bravern Ventures Ltd.,TSX Venture Exchange,Shell Companies,651793
TSXV:SSX,Sleeping Giant Capital Corp.,TSX Venture Exchange,Oil & Gas Exploration & Production,639800
TSXV:FBR.H,Fibre-Crown Manufacturing Inc.,TSX Venture Exchange,Shell Companies,639698
TSXV:GOP.H,Gourmet Ocean Products Inc.,TSX Venture Exchange,Shell Companies,625343
TSXV:VPI,Vitality Products Inc.,TSX Venture Exchange,Packaged Foods,621169
TSXV:OWN,Rex Resources Corp.,TSX Venture Exchange,Other Industrial Metals & Mining,612982
TSXV:VAX,Vantex Resources Ltd.,TSX Venture Exchange,Other Industrial Metals & Mining,601156
TSXV:HCC.H,Hanna Capital Corp.,TSX Venture Exchange,"Mining and Quarrying Of Nonmetallic Minerals, except Fuels",
TSXV:PLXX.P,Planet X II Capital Corp.,TSX Venture Exchange,Shell Companies,1075000
TSXV:RUN.H,Running Fox Resource Corp.,TSX Venture Exchange,Other Industrial Metals & Mining,547705
TSXV:IDL,Imaging Dynamics Company Ltd.,TSX Venture Exchange,Medical Devices,516727
TSXV:TZR.H,Terrace Energy Corp.,TSX Venture Exchange,Crude Petroleum and Natural Gas,
TSXV:NZN.H,Nevada Zinc Corporation,TSX Venture Exchange,Gold And Silver Ores,
TSXV:RGI,Reco International Group Inc.,TSX Venture Exchange,Engineering & Construction,496356
TSXV:MXL.H,MX Gold Corp.,TSX Venture Exchange,Capital Markets,485447
TSXV:CBAR.P,Castlebar Capital Corp.,TSX Venture Exchange,Shell Companies,641989
TSXV:BYM.H,Baymount Incorporated,TSX Venture Exchange,Consulting Services,160966
TSXV:WAT.P,Whatcom Capital II Corp.,TSX Venture Exchange,Shell Companies,974999
TSXV:BUZH.P,Buzz Capital 2 Inc.,TSX Venture Exchange,Shell Companies,774000
TSXV:CAC.P,Cinaport Acquisition Corp. III,TSX Venture Exchange,Shell Companies,1207125
TSXV:STR.H,Santa Rosa Resources Corp.,TSX Venture Exchange,Shell Companies,454401
TSXV:AROW.P,Four Arrows Capital Corp.,TSX Venture Exchange,Shell Companies,785979
TSXV:WAV.H,"Pepcap Resources, Inc.",TSX Venture Exchange,Coal Mining,
TSXV:NAQ.P,Navigator Acquisition Corp.,TSX Venture Exchange,Shell Companies,957258
TSXV:ALTR.P,Alterego Ventures 24 Corp.,TSX Venture Exchange,Shell Companies,1100204
TSXV:CMO.H,Cliffmont Resources Ltd.,TSX Venture Exchange,Other Industrial Metals & Mining,438805
TSXV:VMAR,Vision Marine Technologies Inc.,TSX Venture Exchange,Recreational Vehicles,1475919
TSXV:MONT,Montfort Capital Corp.,TSX Venture Exchange,Asset Management,433655
TSXV:MBI.H,Many Bright Ideas Technologies Inc.,TSX Venture Exchange,Diagnostics & Research,431445
TSXV:IZ.H,International Zeolite Corp.,TSX Venture Exchange,Metal Mining,
TSXV:ADR.H,Arcland Resources Inc.,TSX Venture Exchange,Other Industrial Metals & Mining,1124745
TSXV:XCAP.P,Exelerate Capital Corp.,TSX Venture Exchange,Shell Companies,702410
TSXV:WWA.P,Whitewater Acquisition Corp.,TSX Venture Exchange,Shell Companies,1134000
TSXV:EVMT,Evome Medical Technologies Inc.,TSX Venture Exchange,Medical Devices,413523
TSXV:DGTL.H,DGTL Holdings Inc.,TSX Venture Exchange,Prepackaged Software,
TSXV:MUST.H,Must Capital Inc.,TSX Venture Exchange,Shell Companies,413472
TSXV:KUR.H,"Kure Technologies, Inc.",TSX Venture Exchange,Shell Companies,404761
TSXV:GOOD,Good Gamer Entertainment Inc.,TSX Venture Exchange,Electronic Gaming & Multimedia,404390
TSXV:CAU.H,China Goldcorp Ltd.,TSX Venture Exchange,Shell Companies,605760
TSXV:LFC.P,Left Field Capital Corp.,TSX Venture Exchange,Shell Companies,952674
TSXV:JES.P,Jesmond Capital Ltd.,TSX Venture Exchange,Shell Companies,977310
TSXV:ATLH.P,Atlantic Horizon Capital Corp.,TSX Venture Exchange,Shell Companies,
TSXV:WWT,Water Ways Technologies Inc.,TSX Venture Exchange,Farm & Heavy Construction Machinery,371963
TSXV:BRL.H,Bearclaw Capital Corp.,TSX Venture Exchange,Other Industrial Metals & Mining,366777
TSXV:MEGO.P,Amego Capital Corp.,TSX Venture Exchange,Shell Companies,670938
TSXV:SAI.H,Sunshine Agri-Tech Inc.,TSX Venture Exchange,Shell Companies,360031
TSXV:NTB,New Tymbal Resources Ltd.,TSX Venture Exchange,Other Industrial Metals & Mining,358840
TSXV:SN.H,Sennen Potash Corporation,TSX Venture Exchange,Metal Mining,
TSXV:OMR.H,Ord Mountain Resources Corp.,TSX Venture Exchange,"Unit Investment Trusts, Face-Amount Certificate Offices, and Closed-End Management Investment Offices",
TSXV:CES.P,Celestial Acquisition Corp.,TSX Venture Exchange,Shell Companies,647500
TSXV:Z.H,Zinc One Resources Inc.,TSX Venture Exchange,Gold And Silver Ores,
TSXV:EON,Eon Lithium Corp.,TSX Venture Exchange,Other Industrial Metals & Mining,347557
TSXV:RTM,RT Minerals Corp,TSX Venture Exchange,Gold,331895
TSXV:MVI.H,Monitor Ventures Inc.,TSX Venture Exchange,Shell Companies,322129
TSXV:BTV.H,BlueRush Inc.,TSX Venture Exchange,"Computer Programming, Data Processing, And Other Computer Related Services",
TSXV:PGP,Power Group Projects Corp.,TSX Venture Exchange,Other Industrial Metals & Mining,239122
TSXV:GAR.H,Green Arrow Resources Inc.,TSX Venture Exchange,Other Industrial Metals & Mining,337544
TSXV:RII.H,Richco Investors Inc.,TSX Venture Exchange,Asset Management,164469
TSXV:JVR.P,JVR Ventures Inc.,TSX Venture Exchange,Shell Companies,480000
TSXV:HMCC.P,High Mountain 2 Capital Corporation,TSX Venture Exchange,Shell Companies,513000
TSXV:VAL.P,Valencia Capital Inc.,TSX Venture Exchange,Shell Companies,398437
TSXV:IDI.H,Indico Resources Ltd.,TSX Venture Exchange,Metal Mining,
TSXV:TCG.P,Transcontinental Gold Corp.,TSX Venture Exchange,Shell Companies,531000
TSXV:WMS,Western Metallica Resources Corp.,TSX Venture Exchange,Gold,337447
TSXV:SMAR.P,Smartset Services Inc.,TSX Venture Exchange,Shell Companies,474000
TSXV:RVC.P,Ronin Ventures Corp.,TSX Venture Exchange,Shell Companies,652500
TSXV:AVX,Altair Resources Inc.,TSX Venture Exchange,Other Industrial Metals & Mining,286333
TSXV:NAV,NAVCO Pharmaceuticals Inc.,TSX Venture Exchange,Drug Manufacturers - Specialty & Generic,285347
TSXV:PAV.H,Pacific Arc Resources Ltd.,TSX Venture Exchange,Other Industrial Metals & Mining,1994160
TSXV:CHIP.H,Health Logic Interactive Inc.,TSX Venture Exchange,Non-operating Establishments,
TSXV:HCO.P,Hansco Capital Corp.,TSX Venture Exchange,Shell Companies,535500
TSXV:SHLL.P,Shellron Capital Ltd.,TSX Venture Exchange,Shell Companies,555035
TSXV:PHA,Premier Health of America Inc.,TSX Venture Exchange,Medical Care Facilities,277571
TSXV:AAA.P,First Tidal Acquisition Corp.,TSX Venture Exchange,Shell Companies,560000
TSXV:COLL.P,Collingwood Resources Corp.,TSX Venture Exchange,Shell Companies,387201
TSXV:NIR.H,Noble Iron Inc.,TSX Venture Exchange,Prepackaged Software,
TSXV:OCAP.P,Ocean Shore Capital Corp.,TSX Venture Exchange,Shell Companies,376750
TSXV:ZENI.P,Zenith Capital Corporation,TSX Venture Exchange,Shell Companies,443425
TSXV:ADAD.P,Adagio 2 Capital Inc.,TSX Venture Exchange,Shell Companies,625000
TSXV:RUCC.P,Rupert's Crossing Capital Inc.,TSX Venture Exchange,Shell Companies,625000
TSXV:VDO.H,Nevado Resources Corporation,TSX Venture Exchange,Other Industrial Metals & Mining,244381
TSXV:SOLI.P,Solid Impact Investments Corp.,TSX Venture Exchange,Shell Companies,448000
TSXV:TIDE.P,Intertidal Capital Corp.,TSX Venture Exchange,Shell Companies,672000
TSXV:TEST.H,FluroTech Ltd.,TSX Venture Exchange,"Measuring and Controlling Devices, not elsewhere classified",
TSXV:DAQ.P,Dominus Acquisitions Corp.,TSX Venture Exchange,Shell Companies,418500
TSXV:ASTN.P,Auston Capital Corp.,TSX Venture Exchange,Shell Companies,279000
TSXV:MEED.P,Meed Growth Corp.,TSX Venture Exchange,Shell Companies,540000
TSXV:GRVA.P,Grosvenor CPC I Inc.,TSX Venture Exchange,Shell Companies,660660
TSXV:MVM.H,MillenMin Ventures Inc.,TSX Venture Exchange,"Unit Investment Trusts, Face-Amount Certificate Offices, and Closed-End Management Investment Offices",
TSXV:PCP.P,Pender Street Capital Corp.,TSX Venture Exchange,Shell Companies,600000
TSXV:BDGC.H,Boundary Gold and Copper Mining Ltd.,TSX Venture Exchange,Gold And Silver Ores,
TSXV:WR.H,Worldwide Resources Corp.,TSX Venture Exchange,Other Industrial Metals & Mining,233505
TSXV:MONY.P,Harmony Acquisitions Corp.,TSX Venture Exchange,Shell Companies,496104
TSXV:ALAB.P,A-Labs Capital II Corp.,TSX Venture Exchange,Shell Companies,349330
TSXV:ATR.P,Aster Acquisition Corp.,TSX Venture Exchange,Shell Companies,636500
TSXV:PTP.H,Petrichor Energy Inc.,TSX Venture Exchange,Oil & Gas Exploration & Production,176444
TSXV:BRCB.P,Brachium2 Capital Corp.,TSX Venture Exchange,Shell Companies,186331
TSXV:TRV.P,Treviso Capital Corp.,TSX Venture Exchange,Shell Companies,315000
TSXV:BLTC.P,Baltic I Acquisition Corp.,TSX Venture Exchange,Shell Companies,554089
TSXV:FINV.P,Faction Investment Group Corp.,TSX Venture Exchange,Shell Companies,693000
TSXV:GFOR.P,Good2Go4 Corp.,TSX Venture Exchange,Shell Companies,450000
TSXV:AROC.P,Argo Opportunity Corp.,TSX Venture Exchange,Shell Companies,311085
TSXV:FRAS.P,Fraser Big Sky Capital Corp.,TSX Venture Exchange,Shell Companies,
TSXV:MRKI.P,"Meraki Acquisition One, Inc.",TSX Venture Exchange,Shell Companies,352000
TSXV:RRM.H,Ross River Minerals Inc.,TSX Venture Exchange,Other Industrial Metals & Mining,344040
TSXV:JHC,Jinhua Capital Corporation,TSX Venture Exchange,Shell Companies,152598
TSXV:SPSA.P,SP Strategic Acquisition Corp.,TSX Venture Exchange,Shell Companies,303000
TSXV:ECAP.P,Endurance Capital Corp.,TSX Venture Exchange,Shell Companies,340000
TSXV:SHK.P,Sparrowhawk Opportunity Corp.,TSX Venture Exchange,"Unit Investment Trusts, Face-Amount Certificate Offices, and Closed-End Management Investment Offices",
TSXV:TLC.P,Timeless Capital Corp.,TSX Venture Exchange,Shell Companies,290250
TSXV:AAAJ.P,AAJ Capital 3 Corp.,TSX Venture Exchange,Shell Companies,290250
TSXV:CAPL.P,Caplink Ventures Inc.,TSX Venture Exchange,Shell Companies,526506
TSXV:LILL.P,Little Fish Acquisition I Corp.,TSX Venture Exchange,Shell Companies,257520
TSXV:VER.H,Verisante Technology Inc.,TSX Venture Exchange,Non-operating Establishments,
TSXV:PCAA.P,PC 1 Corp.,TSX Venture Exchange,Shell Companies,252500
TSXV:EVOC.P,Evocati Capital Resources Inc.,TSX Venture Exchange,Shell Companies,280000
TSXV:RRCC.P,Raging Rhino Capital Corp.,TSX Venture Exchange,Shell Companies,339510
TSXV:DAT.H,Datum Ventures Inc.,TSX Venture Exchange,"Unit Investment Trusts, Face-Amount Certificate Offices, and Closed-End Management Investment Offices",
TSXV:MFA.P,Mayfair Acquisition Corporation,TSX Venture Exchange,Shell Companies,244100
TSXV:SSSS.P,Shooting Star Acquisition Corp.,TSX Venture Exchange,Shell Companies,204300
TSXV:MAN.P,Mandala Capital Inc.,TSX Venture Exchange,Shell Companies,273300
TSXV:PLO.H,Paloma Resources Inc.,TSX Venture Exchange,Oil & Gas Exploration & Production,105183
TSXV:DRAX.P,Draxos Capital Corp.,TSX Venture Exchange,Shell Companies,226343
TSXV:MDK.P,MDK Acquisition Inc.,TSX Venture Exchange,Shell Companies,310500
TSXV:SAWC.P,Sayward Capital Corp.,TSX Venture Exchange,Shell Companies,160000
TSXV:MCT.P,M3 Capital Corp.,TSX Venture Exchange,Shell Companies,156202
TSXV:AXET.P,Axe2 Acquisitions Inc.,TSX Venture Exchange,Shell Companies,157729
TSXV:KALM.P,Kalma Capital Corp.,TSX Venture Exchange,Shell Companies,210006
TSXV:HRC.P,Hoshi Resource Corp.,TSX Venture Exchange,Shell Companies,198000
TSXV:AVII.P,Antera Ventures II Corp.,TSX Venture Exchange,Shell Companies,300000
TSXV:KUAI.P,Kua Investments Inc.,TSX Venture Exchange,Shell Companies,218750
TSXV:KPEN.P,KP3993 Resources Inc.,TSX Venture Exchange,"Unit Investment Trusts, Face-Amount Certificate Offices, and Closed-End Management Investment Offices",
TSXV:RAC.P,Riverwalk Acquisition Corp.,TSX Venture Exchange,Shell Companies,136000
TSXV:ALBT.P,Albatros Acquisition Corporation Inc.,TSX Venture Exchange,Shell Companies,101143
TSXV:ACAP.P,Atlas One Capital Corporation,TSX Venture Exchange,Shell Companies,106400
TSXV:CSTL.P,Castlecap Capital Inc.,TSX Venture Exchange,Shell Companies,100000
TSXV:HXC.H,HFX Holding Corp.,TSX Venture Exchange,Metal Mining,
TSXV:AMG.P,AMG Acquisition Corp.,TSX Venture Exchange,Shell Companies,78001
TSXV:RCR.P,Canna 8 Investment Trust,TSX Venture Exchange,Shell Companies,60600
TSXV:MPTH.H,Mapath Capital Corp.,TSX Venture Exchange,Non-operating Establishments,
TSXV:ICWY.P,ICWHY Capital Ventures Inc.,TSX Venture Exchange,Shell Companies,63000
TSXV:LNGE,LNG Energy Group Corp.,TSX Venture Exchange,Oil & Gas Exploration & Production,7787592